# File produced by Open Asset Import Library (http://www.assimp.sf.net)
# (assimp v5.0.1588609223)

mtllib result.mtl

# 1040 vertex positions
v  0.15879275 1.2977667 -0.10607079
v  0.17320205 1.3038987 -0.0365966
v  0.14383745 1.1625701 -0.076573871
v  0.039373197 1.1506966 -0.1075759
v  0.048176702 1.2956181 -0.1307175
v  0.15054294 1.4820044 0.043663789
v  0.10474498 1.3660465 0.13450743
v  0.16415225 1.4638786 0.03550062
v  0.17202598 1.3841182 0.047298718
v  0.0519385 1.3833841 -0.12860142
v  0.12584311 1.4376543 -0.1246543
v  0.16171278 1.4100022 -0.11600216
v  0.15251386 1.5067657 -0.092979267
v  0.10093799 1.309412 0.13001624
v  0.15576726 1.1788243 0.057087805
v  0.158654 1.3144224 0.045348648
v  0.096394397 1.1777899 0.131807
v  0 1.1481975 -0.11060042
v  0 1.294934 -0.12803993
v  0 1.3773204 -0.13213982
v  0.18742503 1.3678317 -0.045559511
v  0.16432756 1.0561339 0.060920086
v  0.092692144 1.0208874 0.13211198
v  0 1.0500759 -0.11543797
v  0.039877612 1.0530101 -0.10881063
v  0.14722286 1.0576534 -0.076763235
v  0.17318086 1.5033685 -0.087696113
v  0.15422858 1.5268002 -0.035038508
v  0.17992023 1.5231451 -0.042424336
v  0.18695785 1.5005871 0.013136597
v  0.15905267 1.5036842 0.028089833
v  0.19839102 1.3833294 -0.020990355
v  0.19165495 1.3815385 -0.069846459
v  0.21691932 1.4953337 -0.090641156
v  0.22444534 1.5108268 -0.043865789
v  0.23432073 1.4863107 0.0056891451
v  0.23022383 1.4247041 0.021957742
v  0.21567225 1.4195329 -0.11547305
v  0.40893516 1.4381883 0.012094642
v  0.41610137 1.4843407 -0.0047196955
v  0.41215193 1.5034822 -0.047630284
v  0.41060331 1.4760525 -0.084294774
v  0.41214335 1.4294139 -0.10194554
v  0.40523368 1.3188683 -0.035102975
v  0.40466887 1.34281 -0.075327732
v  0.40683287 1.3500625 0.0057409555
v  0.48945704 1.4284931 -0.094600275
v  0.45050612 1.4292037 -0.098315932
v  0.45174304 1.4778173 -0.081242487
v  0.49510863 1.4763368 -0.078129783
v  0.4985806 1.5004312 -0.036172405
v  0.45313925 1.5023969 -0.042042039
v  0.44465643 1.3129441 -0.029454082
v  0.49131519 1.3355154 -0.068301491
v  0.49523792 1.309196 -0.027396128
v  0.44371951 1.3372788 -0.070810772
v  0.50170821 1.4821303 0.0098047564
v  0.45741081 1.4842309 0.0029282926
v  0.50272065 1.4418278 0.016713692
v  0.4560017 1.4395204 0.013578539
v  0.49770507 1.3442477 0.01301788
v  0.448641 1.3452749 0.010072378
v  0.68575132 1.3290174 -0.020382266
v  0.68159246 1.2964535 0.01623917
v  0.68858612 1.4472133 0.041734342
v  0.69181973 1.4740258 0.032737572
v  0.6971246 1.4856641 0.0033441177
v  0.68353331 1.3347909 0.049351409
v  0.70028138 1.4459542 -0.033022456
v  0.69926196 1.4767321 -0.02572161
v  0.052070625 0.9480859 -0.12034597
v  0.1521634 0.98385817 -0.088479415
v  0.1550028 0.94144714 -0.095212847
v  0.047620624 0.98637944 -0.11613599
v  0.10556951 0.93851757 0.13769394
v  0.18820499 0.92608321 0.058469459
v  0.1794906 0.97354698 0.059363849
v  0.1129703 0.89117849 0.14090198
v  0 0.9455449 -0.12280224
v  0 0.98369479 -0.12011454
v  0 0.76676184 -0.13529018
v  0.079425737 0.76833653 -0.13287021
v  0.18245372 0.76648664 -0.10886027
v  0.22211882 0.75106198 0.037816849
v  0.12569267 0.72907639 0.14121661
v  0.08998879 0.60708535 -0.14793491
v  0.20291583 0.61387312 -0.13114898
v  0.039711021 0.60549778 -0.15034021
v  0.24363934 0.5993576 0.024814809
v  0.15022439 0.57215732 0.13556473
v  0.08876311 1.1773107 0.12541334
v  0.085613675 1.020038 0.12509975
v  0.098032817 1.3653473 0.12858142
v  0.092825241 1.3100593 0.12424699
v  0.68378264 1.3341016 -0.011999443
v  0.69767231 1.4453827 -0.023385927
v  0.69248205 1.4673774 0.025297459
v  0.69000798 1.4459105 0.031922337
v  0.69642669 1.4756905 0.0035287561
v  0.68544644 1.3380309 0.040086601
v  0.69722027 1.4702123 -0.018419446
v  0.68237281 1.3062991 0.014673261
v  0.11268265 0.77297354 0.13792264
v  0.11856873 0.72855514 0.13421871
v  0.19616117 0.61212927 -0.12398445
v  0.23412153 0.59812891 0.022004358
v  0.089014642 0.60594887 -0.13804783
v  0.039711021 0.60456055 -0.14038782
v  0.14308397 0.57157844 0.12858789
v  0 1.3009799 0.15262574
v  0 1.1770995 0.14462334
v  0 1.3165063 0.15650637
v  0 1.0072281 0.1490203
v  0.096307263 0.9403038 0.12985636
v  0 1.3797036 -0.14183982
v  0 1.5208055 -0.10424456
v  0.052294347 1.3857816 -0.13830295
v  0.049633052 1.5232035 -0.10122981
v  0.10811269 1.3693068 0.14334041
v  0.15629295 1.4862385 0.050664123
v  0.040755536 1.4578935 0.11963174
v  0 1.4521481 0.13494711
v  0 1.3190095 0.1659378
v  0.12603384 1.4400707 -0.13435583
v  0.086266361 1.5445704 -0.088271223
v  0.15411119 1.5119309 -0.10129473
v  0.06890253 1.4967327 0.091769025
v  0 1.5046579 0.16523919
v  0 1.4699762 0.1586578
v  0.052387379 1.5314509 0.12203262
v  0.10201942 1.5556848 -0.036196813
v  0.054868039 1.6306808 -0.059859797
v  0.073180161 1.6159823 -0.024900062
v  0.096646935 1.5352174 0.028674485
v  0.071985334 1.5758443 0.045551453
v  0 1.632637 -0.072094433
v  0.15799022 1.5355672 -0.034664404
v  0.16500926 1.5104829 0.032366697
v  0 1.5189209 -0.094723575
v  0.048955239 1.5211608 -0.091464192
v  0.035658948 1.456663 0.11111677
v  0 1.4521824 0.12601556
v  0.082722239 1.5402026 -0.080003463
v  0.061535668 1.4945315 0.085375391
v  0 1.4767702 0.14586169
v  0.044370163 1.5317415 0.11606289
v  0 1.511161 0.15269361
v  0.050310094 1.6278501 -0.05142143
v  0.094304353 1.5493977 -0.035225715
v  0.064241596 1.611724 -0.023499262
v  0.063074537 1.5726773 0.042300623
v  0.08891996 1.5304267 0.024510235
v  0 1.6312561 -0.062296461
v  0.20859464 0.74999249 0.031477075
v  0.10245301 0.89447951 0.13259006
v  0.18164855 0.92217183 0.054324221
v  0.11571217 0.77224767 0.13456042
v  0.17867465 0.76635206 -0.10560308
v  0.074310638 0.76619434 -0.11680475
v  0 0.76246095 -0.11490626
v  0.14982224 0.93911564 -0.092778496
v  0.050016254 0.94618696 -0.10652663
v  0 0.94415998 -0.10789279
v  0 0.89326864 0.14149037
v  0 0.73970985 0.15645997
v  0.048222393 1.5210958 0.018517973
v  0 1.5300277 -0.071485639
v  0.038394876 1.5663351 -0.050442837
v  0.044312671 1.5268437 -0.072462216
v  0 1.5672671 -0.05620243
v  0.19761899 0.58478099 0.053856168
v  0.17117999 0.76456726 -0.026492352
v  0.18079725 0.76463789 0.05552743
v  0.20980546 0.59666383 -0.062117871
v  0.10721919 0.34110817 -0.18129358
v  0.21685582 0.46035793 -0.082623564
v  0.21021472 0.32491228 -0.10711177
v  0.10465831 0.45583376 -0.16859241
v  0.086865708 0.74101573 0.13756502
v  0.08580751 0.56121349 0.14719976
v  0.010176124 0.54249489 0.079323813
v  0.011437648 0.72136074 0.096030757
v  0.016297927 0.55612594 -0.05838177
v  0.019967986 0.72630978 -0.074194379
v  0.088387124 0.592628 -0.13416784
v  0.10038302 0.74764061 -0.083896376
v  0.01096737 0.83515853 -0.070519596
v  0.013584784 0.81991345 0.12842397
v  0.093221493 0.88285267 0.12197839
v  0.015205162 0.28803048 0.013627539
v  0.010866125 0.41611883 -0.085495792
v  0.0052547855 0.33417293 -0.10337882
v  0.0091127874 0.38682464 0.065728389
v  0.09211763 0.2194576 -0.097480305
v  0.055177435 0.20710437 -0.079339117
v  0.12566017 0.21959737 -0.079701692
v  0.099633671 0.39947531 0.12644264
v  0.12030528 0.30152878 0.095084153
v  0.22312699 0.32539883 0.039910518
v  0.21381786 0.43775183 0.043841649
v  0.098347478 0.13251676 -0.025682949
v  0.098364986 0.11081498 -0.030616798
v  0.12764378 0.13214074 -0.044894785
v  0.12545706 0.10754555 -0.048372783
v  0.11748745 0.11016707 -0.083822727
v  0.11949722 0.13707741 -0.082809314
v  0.059982829 0.20112537 -0.030559467
v  0.098293789 0.19906473 -0.010553404
v  0.13434927 0.20756137 -0.034229588
v  0.097560458 0.023395713 0.13019744
v  0.1000929 0.040954597 0.049371436
v  0.072286263 0.020801621 0.12800029
v  0.067511283 0.036580332 0.049836639
v  0.064889364 0.11054108 -0.077541932
v  0.066549569 0.10931902 -0.033810146
v  0.064934723 0.13189541 -0.033010762
v  0.062501073 0.13428725 -0.077983886
v  0.089756943 0.11319516 -0.092266642
v  0.090337478 0.13932647 -0.093548752
v  0.093971349 -0.010786539 -0.037522756
v  0.1116239 -0.010066881 -0.084996291
v  0.12610559 -0.010553963 -0.04736029
v  0.088507324 -0.010357276 -0.095260039
v  0.062714629 -0.0096475007 -0.074176095
v  0.064175077 -0.0091474084 -0.019702962
v  0.13789071 -0.010102954 0.11254948
v  0.10115266 -0.010590205 0.060011663
v  0.1407408 -0.010473602 0.039401844
v  0.096596047 -0.011158188 0.14921895
v  0.092576586 0.042279381 0.1737414
v  0.082072273 0.04059926 0.17665792
v  0.081825666 0.034656517 0.19002698
v  0.094863839 0.034018505 0.18938102
v  0.067979924 -0.0092935329 0.1440119
v  0.13009097 0.011970977 0.10379684
v  0.13636577 0.027840445 0.041204814
v  0.065251186 -0.0096918251 0.059329934
v  0.064924866 -0.0095267352 0.035363771
v  0.13039042 0.054061294 -0.011105424
v  0.13822338 -0.010487425 0.0244778
v  0.12501909 0.057016362 -0.048095934
v  0.1343369 0.036743421 0.02344349
v  0.056302875 1.5258836 -0.030036546
v  0.047384951 1.5596271 -0.011474572
v  0.040779378 1.5524775 0.027619315
v  0 1.5436549 0.051992591
v  0 1.5213821 0.041994222
v  0.024157995 1.6974667 0.10058044
v  0.056278847 1.6780398 0.091284595
v  0.056283321 1.6942776 0.085982844
v  0.015469377 1.6773872 0.11265875
v  0 1.6998651 0.11155774
v  0 1.671966 0.12080521
v  0.041547272 1.7405761 -0.0046689929
v  0 1.7587874 0.025164282
v  0.048895434 1.7398438 0.024693387
v  0.021677421 1.743205 -0.014938912
v  0 1.7481663 -0.021431062
v  0 1.6291643 -0.057367332
v  0.029615533 1.6828253 -0.059350722
v  0.041977704 1.6232226 -0.038392611
v  0 1.6839962 -0.070728436
v  0.055257261 1.6818115 -0.049499672
v  0.055484947 1.6704562 0.089161612
v  0.075430945 1.6792474 0.021735255
v  0.054520324 1.6612414 0.086582132
v  0.060131658 1.6014123 0.027830526
v  0.041608151 1.5937538 0.091507949
v  0.073161796 1.6489669 0.0088391406
v  0.063301966 1.618403 0.015445855
v  0.068026453 1.6169674 0.014055399
v  0.068415694 1.6504027 0.013324229
v  0.0099912109 1.594305 0.11112659
v  0.01289016 1.6612884 0.10384377
v  0 1.6005998 0.12869251
v  0 1.5426326 0.087906033
v  0.032527402 1.5551257 0.06055538
v  0.035239775 1.5469782 0.085645348
v  0 1.5361494 0.10708024
v  0.036592588 1.6148303 -0.036221486
v  0 1.6199909 -0.051375553
v  0.051307075 1.5942646 0.023126841
v  0.49896777 1.4048134 -0.027715994
v  0.69220632 1.4303339 0.0090678846
v  0.49600253 1.4255433 -0.084738828
v  0.50387698 1.440818 0.006832411
v  0.097477622 0.51957315 -0.15810157
v  0.013617394 0.47796986 -0.075658888
v  0.21082038 0.5094713 0.048404191
v  0.092506558 0.48088491 0.14450249
v  0.21358934 0.52630866 -0.070147268
v  0.0068598217 0.46953616 0.092042118
v  0.11393012 0.062869534 -0.084333457
v  0.088621937 0.0669211 -0.094733767
v  0.064134255 0.064056739 -0.076178603
v  0.062506765 -0.0094154328 0.035441324
v  0.06533578 0.046652324 0.031314638
v  0.066841237 0.04493447 0.030509537
v  0.062833086 -0.0095805228 0.059407484
v  0.065106519 0.062395327 -0.027858594
v  0.06553787 0.061184764 -0.0070850942
v  0.74588454 1.4723213 0.075017795
v  0.71380192 1.4702134 0.042995032
v  0.73910701 1.4506054 0.077253677
v  0.70664036 1.4437355 0.045598209
v  0.71887183 1.4710985 -0.023902697
v  0.76341474 1.4526591 -0.020893808
v  0.71151143 1.4479697 -0.020171961
v  0.76682401 1.4689615 -0.022026984
v  0.75928319 1.4751321 0.052537192
v  0.71899068 1.4751098 0.0070285015
v  0.76277655 1.4798901 0.013533629
v  0.70909774 1.4337946 0.012881655
v  0.74681914 1.4481994 0.05015086
v  0.7521221 1.4432551 0.019817008
v  0.80105931 1.4518437 -0.017663188
v  0.80560583 1.4679222 -0.017994357
v  0.80436605 1.4818944 0.018286249
v  0.79842848 1.4551388 0.023250498
v  0.79975492 1.4539757 0.059214871
v  0.76970822 1.4493403 0.072728582
v  0.76076245 1.4519179 0.092671819
v  0.77613735 1.4717761 0.072493821
v  0.76437795 1.4693153 0.091521583
v  0.78504902 1.4441454 0.091082931
v  0.77965659 1.4466952 0.10387526
v  0.78858411 1.4591116 0.091104046
v  0.78247875 1.4587795 0.1030451
v  0.83661926 1.4639709 -0.01520725
v  0.86078048 1.4559373 -0.010096882
v  0.832039 1.4464282 -0.014940526
v  0.85695279 1.4397951 -0.0096020829
v  0.83824277 1.479063 0.022635503
v  0.83386296 1.4525329 0.067421071
v  0.8323648 1.4568957 0.025987584
v  0.80484647 1.4734118 0.059885092
v  0.83914679 1.4710096 0.067978263
v  0.87957281 1.4445518 0.032758333
v  0.8853398 1.4624729 0.031333741
v  0.86101025 1.4434227 0.072721153
v  0.86715603 1.4601765 0.072674751
v  0.014304963 1.6701193 0.10867914
v  0 1.5934516 0.11239432
v  0.0092738662 1.5792012 0.1047613
v  0 1.5767051 0.11091028
v  0 1.5707328 0.10461182
v  0.02609076 1.5722207 0.094333477
v  0.011463813 1.5646707 0.099935718
v  0 1.563643 0.10851625
v  0.054169301 1.6279445 -0.012620624
v  0.060907353 1.6512231 -0.017374061
v  0.067196995 1.6210115 -0.019278241
v  0.070674494 1.657547 -0.025780264
v  0.054688547 0.20172559 -0.026624121
v  0.04913969 0.20862962 -0.082950674
v  0.091556206 0.19418555 -0.096240357
v  0.1282827 0.19300352 -0.084501073
v  0.12371647 0.19357194 -0.080681778
v  0.091146775 0.19371207 -0.10246677
v  0.13223447 0.18377495 -0.037593216
v  0.098946311 0.17511083 -0.0090326769
v  0.098310724 0.17807658 -0.015325012
v  0.13811855 0.18169078 -0.034746088
v  0.09892676 0.19934613 -0.0035228345
v  0.05748719 0.18413906 -0.078911699
v  0.051806796 0.18211123 -0.08245714
v  0.14056054 0.20915733 -0.030862059
v  0.056491919 0.17651357 -0.027516825
v  0.091795065 0.22289409 -0.10389856
v  0.13052709 0.22305547 -0.083369352
v  0.061544575 0.1792914 -0.031332564
v  0.13699931 0.15388396 -0.038359098
v  0.12181079 0.16805556 -0.08164271
v  0.12662795 0.16451706 -0.087697007
v  0.13016103 0.1604538 -0.040891044
v  0.092023492 0.19933967 -0.10439789
v  0.13138814 0.19531654 -0.086239487
v  0.098543555 0.15299734 -0.012175213
v  0.055483859 0.15698422 -0.026032452
v  0.063075766 0.15788448 -0.032090541
v  0.098327316 0.157499 -0.020003287
v  0.1005869 0.17792429 -0.0062070107
v  0.14180937 0.18196617 -0.034087703
v  0.050718121 0.16253307 -0.082426772
v  0.05975176 0.16162296 -0.078492641
v  0.050096288 0.19010369 -0.082587563
v  0.055674884 0.18312049 -0.024791863
v  0.089030214 0.16927658 -0.10322743
v  0.09100575 0.16940786 -0.095024668
v  0.091473326 0.13849196 -0.099134728
v  0.12503812 0.13971846 -0.0864188
v  0.100895 0.12988691 -0.021006936
v  0.13466181 0.13413313 -0.042751379
v  0.097287573 0.15829399 -0.013783637
v  0.057030734 0.15411681 -0.028187269
v  0.053181004 0.1592541 -0.081601091
v  0.060178597 0.12836234 -0.081719756
v  0.062834539 0.12468076 -0.02992823
v  0.088007964 0.17303303 -0.10000884
v  0.12330107 0.17544115 -0.084200859
v  0.13350448 0.16675508 -0.037333779
v  0.10599294 0.035484493 0.1880725
v  0.1027749 0.039836697 0.18015449
v  0.093430914 0.047224473 0.19230039
v  0.098780118 0.048499148 0.19099294
v  0.096755452 0.050680254 0.18381338
v  0.091702335 0.049879622 0.18186375
v  0.085695073 0.049412187 0.18344045
v  0.085686989 0.047516983 0.19286649
v  0.099465005 0.049412802 0.031800807
v  0.098243624 0.065865517 -0.0023771848
v  0.13845624 0.029028624 0.041494332
v  0.099800088 0.051593192 0.032800436
v  0.10041419 0.043136656 0.050371937
v  0.13613246 0.038281679 0.023968223
v  0.065521181 0.037826341 0.050430425
v  0.14313626 -0.010239836 0.039132226
v  0.14061885 -0.010253659 0.024208182
v  0.14094973 0.10117542 -0.020880949
v  0.10136484 0.11004587 -0.0049574208
v  0.043766249 0.10979685 -0.027289877
v  0.045749262 0.1140894 -0.089800358
v  0.088550739 0.11367103 -0.11387124
v  0.1358154 0.1117378 -0.10080829
v  0.05240725 0.10917535 -0.009459571
v  0.15034235 0.10823591 -0.054183111
v  0 0.83189732 -0.071949862
v  0 0.81980276 0.12914175
v  0 0.73970985 0.15079609
v  0.49788341 1.3498676 0.0067402367
v  0.49567962 1.3205193 -0.027434008
v  0.49179682 1.3395083 -0.062647335
v  0.043896861 1.5931004 0.09333393
v  0.027442303 1.5717117 0.096962862
v  0.0375944 1.5466462 0.087474264
v  0.062974915 1.6010072 0.028697373
v  0 1.5359515 0.10958008
v  0.013003045 1.5645351 0.10250706
v  0 1.5635073 0.11108759
v  0.011347423 1.5934772 0.1136712
v  0.010630078 1.5783736 0.10730591
v  0 1.5926238 0.11493892
v  0 1.5758775 0.11345489
v  0.057970285 1.5602027 0.031739332
v  0.032098409 1.5014553 0.084590241
v  0 1.4898083 0.10727879
v  0.05514241 1.5605416 0.030797042
v  0.029964432 1.5017384 0.08250086
v  0 1.490052 0.10483582
v  0.015171789 1.6695663 0.11044776
v  0.056339987 1.6699129 0.090871207
v  0.016299175 1.6766031 0.11430082
v  0.057108644 1.6772556 0.092926681
v  0.031985991 1.7298553 0.09173575
v  0 1.7363654 0.10101309
v  0 1.7130342 0.10937215
v  0.028303899 1.7093304 0.099030375
v  0.072218336 1.6917902 0.022476701
v  0.056966383 1.7025219 -0.040528484
v  0.073156722 1.7050707 0.022903062
v  0.055324521 1.6913553 -0.04525914
v  0.061502092 1.706499 0.080419555
v  0.027929028 1.694195 -0.055264633
v  0.028483192 1.7078341 -0.050391085
v  0.027774584 1.7323502 -0.039360836
v  0 1.7414684 -0.047626019
v  0.057074416 1.7255697 0.075064979
v  0.022148568 1.7383897 0.064627014
v  0.041938279 1.7356319 0.053846549
v  0.06151304 1.7335868 0.024947407
v  0.055549167 1.7232324 -0.03109565
v  0 1.7131462 -0.060253687
v  0 1.6970901 -0.065464988
v  0 1.7448107 0.07161209
v  0.096359536 1.712808 0.16673656
v  0 1.7799726 0.12150068
v  0 1.7227459 0.2161766
v  0.057434414 1.7718562 0.099975839
v  0.14899853 1.6795433 0.031189093
v  0.05381988 1.7171857 -0.07317321
v  0.085702024 1.7497965 0.015354587
v  0.089071147 1.6394459 -0.097832382
v  0 1.6217893 -0.15150449
v  0 1.7023727 -0.11442222
v  0.24182436 1.7008749 0.34362715
v  0 1.7471784 0.47257805
v  0.33469802 1.6069767 0.036704957
v  0.21394508 1.5111185 -0.23665874
v  0 1.4642266 -0.35468781
v  0.039024614 1.8434592 0.018754227
v  0.056860983 1.8186032 -0.026827218
v  0.037409093 1.7964681 -0.077311963
v  0 1.7881631 -0.092937
v  0 1.8511363 0.028877582
v  0 1.8327175 -0.10931671
v  0.030683091 1.8393438 -0.097590066
v  0 1.8882345 -0.025644816
v  0.027257871 1.8779882 -0.034759138
v  0.045282185 1.8596147 -0.064793162
v  0.025807627 1.9066156 -0.13431057
v  0.0132475 1.8779755 -0.14902942
v  0 1.8699391 -0.1540295
v  0 1.9365758 -0.12728332
v  0.012467956 1.9267467 -0.12873988
v  0.0028749146 1.9096525 -0.22156049
v  0.0036772108 1.904022 -0.22189368
v  0.0028219924 1.8995599 -0.22242118
v  0 1.8973075 -0.22367048
v  0 1.9109844 -0.22220643
v  0.23968713 1.6911684 0.34472889
v  0 1.7130859 0.21468425
v  0.09263292 1.703553 0.16606578
v  0 1.7372853 0.47328976
v  0.33128268 1.5980891 0.039761689
v  0.14369747 1.6714922 0.033849392
v  0.21148986 1.5030237 -0.2313256
v  0.084923379 1.6325705 -0.091872729
v  0 1.4563698 -0.34873942
v  0 1.6150973 -0.14460395
v  0 1.9034835 -0.22601259
v  0 1.9041929 -0.22604732
v  0 1.9046919 -0.22595038
v  0 1.9026252 -0.22581723
v  0 1.7355015 0.10405664
v  0.057891373 1.7183363 0.077601388
v  0.057033885 1.6950662 -0.04465327
v  0 1.6825706 -0.073814198
v  0.074818231 1.7010722 0.025212359
v  0.052732389 1.8033612 0.068461686
v  0.084211811 1.7669157 0.0058445828
v  0.074624002 1.7895921 -0.0087051243
v  0.057904568 1.7815406 0.093876153
v  0.050773099 1.7465801 -0.077380672
v  0.046181142 1.7691165 -0.078475267
v  0 1.7354895 -0.10967372
v  0 1.7598735 -0.10356703
v  0 1.8100259 0.089094877
v  0 1.787271 0.11963192
v  0.074858814 1.7634116 0.006333184
v  0.045769595 1.7971809 0.064811975
v  0.065199278 1.7867732 -0.0069100247
v  0.052273598 1.7746571 0.089304172
v  0.043543261 1.7450901 -0.070634857
v  0.038809087 1.7676252 -0.0718854
v  0 1.7605184 -0.094130084
v  0 1.7361343 -0.10023677
v  0 1.8024827 0.083384871
v  0 1.7797279 0.11392192
v  0.044608615 1.834434 0.033481635
v  0.071162961 1.7953382 -0.012388576
v  0.06086779 1.8179693 -0.026678026
v  0.050153144 1.8125553 0.058418266
v  0.040412225 1.7970831 -0.07985761
v  0.046088636 1.7694366 -0.078466251
v  0 1.7605852 -0.10339271
v  0 1.7868677 -0.096810527
v  0 1.8369088 0.053965945
v  0 1.8166811 0.081573218
v  0.061795611 1.7919695 -0.011440976
v  0.037528321 1.8282663 0.030043112
v  0.051478766 1.8150395 -0.024872856
v  0.044359505 1.8056924 0.054021772
v  0.033234272 1.7955285 -0.073071212
v  0.039283622 1.7679043 -0.071301118
v  0 1.7855684 -0.087777048
v  0 1.7592857 -0.094359241
v  0 1.8293463 0.048239451
v  0 1.8091187 0.075846724
v  -0.15879275 1.2977667 -0.10607079
v  -0.14383745 1.1625701 -0.076573871
v  -0.17320205 1.3038987 -0.0365966
v  -0.048176702 1.2956181 -0.1307175
v  -0.039373197 1.1506966 -0.1075759
v  -0.10474498 1.3660465 0.13450743
v  -0.16415225 1.4638786 0.03550062
v  -0.17202598 1.3841182 0.047298718
v  -0.15054294 1.4820044 0.043663789
v  -0.0519385 1.3833841 -0.12860142
v  -0.16171278 1.4100022 -0.11600216
v  -0.12584311 1.4376543 -0.1246543
v  -0.15251386 1.5067657 -0.092979267
v  -0.10093799 1.309412 0.13001624
v  -0.15576726 1.1788243 0.057087805
v  -0.096394397 1.1777899 0.131807
v  -0.158654 1.3144224 0.045348648
v  -0.18742503 1.3678317 -0.045559511
v  -0.16432756 1.0561339 0.060920086
v  -0.092692144 1.0208874 0.13211198
v  -0.039877612 1.0530101 -0.10881063
v  -0.14722286 1.0576534 -0.076763235
v  -0.17318086 1.5033685 -0.087696113
v  -0.17992023 1.5231451 -0.042424336
v  -0.15422858 1.5268002 -0.035038508
v  -0.18695785 1.5005871 0.013136597
v  -0.15905267 1.5036842 0.028089833
v  -0.19839102 1.3833294 -0.020990355
v  -0.19165495 1.3815385 -0.069846459
v  -0.22444534 1.5108268 -0.043865789
v  -0.21691932 1.4953337 -0.090641156
v  -0.23432073 1.4863107 0.0056891451
v  -0.23022383 1.4247041 0.021957742
v  -0.21567225 1.4195329 -0.11547305
v  -0.40893516 1.4381883 0.012094642
v  -0.41610137 1.4843407 -0.0047196955
v  -0.41215193 1.5034822 -0.047630284
v  -0.41060331 1.4760525 -0.084294774
v  -0.41214335 1.4294139 -0.10194554
v  -0.40523368 1.3188683 -0.035102975
v  -0.40466887 1.34281 -0.075327732
v  -0.40683287 1.3500625 0.0057409555
v  -0.48945704 1.4284931 -0.094600275
v  -0.45174304 1.4778173 -0.081242487
v  -0.45050612 1.4292037 -0.098315932
v  -0.49510863 1.4763368 -0.078129783
v  -0.4985806 1.5004312 -0.036172405
v  -0.45313925 1.5023969 -0.042042039
v  -0.44465643 1.3129441 -0.029454082
v  -0.49131519 1.3355154 -0.068301491
v  -0.44371951 1.3372788 -0.070810772
v  -0.49523792 1.309196 -0.027396128
v  -0.50272065 1.4418278 0.016713692
v  -0.45741081 1.4842309 0.0029282926
v  -0.50170821 1.4821303 0.0098047564
v  -0.4560017 1.4395204 0.013578539
v  -0.49770507 1.3442477 0.01301788
v  -0.448641 1.3452749 0.010072378
v  -0.68575132 1.3290174 -0.020382266
v  -0.68159246 1.2964535 0.01623917
v  -0.68858612 1.4472133 0.041734342
v  -0.69181973 1.4740258 0.032737572
v  -0.6971246 1.4856641 0.0033441177
v  -0.68353331 1.3347909 0.049351409
v  -0.70028138 1.4459542 -0.033022456
v  -0.69926196 1.4767321 -0.02572161
v  0 0.93485969 0.14423853
v  -0.052070625 0.9480859 -0.12034597
v  -0.1521634 0.98385817 -0.088479415
v  -0.047620624 0.98637944 -0.11613599
v  -0.1550028 0.94144714 -0.095212847
v  -0.10556951 0.93851757 0.13769394
v  -0.18820499 0.92608321 0.058469459
v  -0.1129703 0.89117849 0.14090198
v  -0.1794906 0.97354698 0.059363849
v  -0.079425737 0.76833653 -0.13287021
v  -0.18245372 0.76648664 -0.10886027
v  -0.22211882 0.75106198 0.037816849
v  -0.12569267 0.72907639 0.14121661
v  -0.08998879 0.60708535 -0.14793491
v  -0.20291583 0.61387312 -0.13114898
v  -0.038838252 0.60549778 -0.15034021
v  -0.24363934 0.5993576 0.024814809
v  -0.15022439 0.57215732 0.13556473
v  -0.08876311 1.1773107 0.12541334
v  -0.085613675 1.020038 0.12509975
v  -0.098032817 1.3653473 0.12858142
v  -0.092825241 1.3100593 0.12424699
v  -0.68378264 1.3341016 -0.011999443
v  -0.69767231 1.4453827 -0.023385927
v  -0.69248205 1.4673774 0.025297459
v  -0.69000798 1.4459105 0.031922337
v  -0.69642669 1.4756905 0.0035287561
v  -0.68544644 1.3380309 0.040086601
v  -0.69722027 1.4702123 -0.018419446
v  -0.68237281 1.3062991 0.014673261
v  -0.11856873 0.72855514 0.13421871
v  -0.11268265 0.77297354 0.13792264
v  -0.19616117 0.61212927 -0.12398445
v  -0.23412153 0.59812891 0.022004358
v  -0.089014642 0.60594887 -0.13804783
v  -0.038838252 0.60456055 -0.14038782
v  -0.14308397 0.57157844 0.12858789
v  -0.096307263 0.9403038 0.12985636
v  -0.052294347 1.3857816 -0.13830295
v  -0.049633052 1.5232035 -0.10122981
v  -0.10811269 1.3693068 0.14334041
v  -0.040755536 1.4578935 0.11963174
v  -0.15629295 1.4862385 0.050664123
v  -0.12603384 1.4400707 -0.13435583
v  -0.086266361 1.5445704 -0.088271223
v  -0.15411119 1.5119309 -0.10129473
v  -0.06890253 1.4967327 0.091769025
v  -0.052387379 1.5314509 0.12203262
v  -0.054868039 1.6306808 -0.059859797
v  -0.10201942 1.5556848 -0.036196813
v  -0.073180161 1.6159823 -0.024900062
v  -0.071985334 1.5758443 0.045551453
v  -0.096646935 1.5352174 0.028674485
v  -0.15799022 1.5355672 -0.034664404
v  -0.16500926 1.5104829 0.032366697
v  -0.048955239 1.5211608 -0.091464192
v  -0.035658948 1.456663 0.11111677
v  -0.082722239 1.5402026 -0.080003463
v  -0.061535668 1.4945315 0.085375391
v  -0.044370163 1.5317415 0.11606289
v  -0.094304353 1.5493977 -0.035225715
v  -0.050310094 1.6278501 -0.05142143
v  -0.064241596 1.611724 -0.023499262
v  -0.08891996 1.5304267 0.024510235
v  -0.063074537 1.5726773 0.042300623
v  -0.20859464 0.74999249 0.031477075
v  -0.11571217 0.77224767 0.13456042
v  -0.10245301 0.89447951 0.13259006
v  -0.18164855 0.92217183 0.054324221
v  -0.17867465 0.76635206 -0.10560308
v  -0.074310638 0.76619434 -0.11680475
v  -0.14982224 0.93911564 -0.092778496
v  -0.050016254 0.94618696 -0.10652663
v  -0.038394876 1.5663351 -0.050442837
v  -0.044312671 1.5268437 -0.072462216
v  -0.19761899 0.58478099 0.053856168
v  -0.17117999 0.76456726 -0.026492352
v  -0.20980546 0.59666383 -0.062117871
v  -0.18079725 0.76463789 0.05552743
v  -0.10721919 0.34110817 -0.18129358
v  -0.21685582 0.46035793 -0.082623564
v  -0.10465831 0.45583376 -0.16859241
v  -0.21021472 0.32491228 -0.10711177
v  -0.086865708 0.74101573 0.13756502
v  -0.08580751 0.56121349 0.14719976
v  -0.016297927 0.55612594 -0.05838177
v  -0.011437648 0.72136074 0.096030757
v  -0.010176124 0.54249489 0.079323813
v  -0.019967986 0.72630978 -0.074194379
v  -0.088387124 0.592628 -0.13416784
v  -0.10038302 0.74764061 -0.083896376
v  -0.01096737 0.83515853 -0.070519596
v  -0.090556055 0.93746847 -0.085056648
v  -0.013584784 0.81991345 0.12842397
v  -0.093221493 0.88285267 0.12197839
v  -0.15760273 0.92373711 0.052532382
v  -0.12371458 0.93768424 -0.081130669
v  -0.015205162 0.28803048 0.013627539
v  -0.010866125 0.41611883 -0.085495792
v  -0.0091127874 0.38682464 0.065728389
v  -0.0052547855 0.33417293 -0.10337882
v  -0.09211763 0.2194576 -0.097480305
v  -0.055177435 0.20710437 -0.079339117
v  -0.12566017 0.21959737 -0.079701692
v  -0.099633671 0.39947531 0.12644264
v  -0.12030528 0.30152878 0.095084153
v  -0.22312699 0.32539883 0.039910518
v  -0.21381786 0.43775183 0.043841649
v  -0.098347478 0.13251676 -0.025682949
v  -0.12764378 0.13214074 -0.044894785
v  -0.098364986 0.11081498 -0.030616798
v  -0.12545706 0.10754555 -0.048372783
v  -0.11748745 0.11016707 -0.083822727
v  -0.11949722 0.13707741 -0.082809314
v  -0.059982829 0.20112537 -0.030559467
v  -0.098293789 0.19906473 -0.010553404
v  -0.13434927 0.20756137 -0.034229588
v  -0.072286263 0.020801621 0.12800029
v  -0.1000929 0.040954597 0.049371436
v  -0.097560458 0.023395713 0.13019744
v  -0.067511283 0.036580332 0.049836639
v  -0.064889364 0.11054108 -0.077541932
v  -0.064934723 0.13189541 -0.033010762
v  -0.066549569 0.10931902 -0.033810146
v  -0.062501073 0.13428725 -0.077983886
v  -0.089756943 0.11319516 -0.092266642
v  -0.090337478 0.13932647 -0.093548752
v  -0.12610559 -0.010553963 -0.04736029
v  -0.1116239 -0.010066881 -0.084996291
v  -0.093971349 -0.010786539 -0.037522756
v  -0.088507324 -0.010357276 -0.095260039
v  -0.062714629 -0.0096475007 -0.074176095
v  -0.064175077 -0.0091474084 -0.019702962
v  -0.13789071 -0.010102954 0.11254948
v  -0.1407408 -0.010473602 0.039401844
v  -0.10115266 -0.010590205 0.060011663
v  -0.096596047 -0.011158188 0.14921895
v  -0.092576586 0.042279381 0.1737414
v  -0.082072273 0.04059926 0.17665792
v  -0.081825666 0.034656517 0.19002698
v  -0.094863839 0.034018505 0.18938102
v  -0.067979924 -0.0092935329 0.1440119
v  -0.13009097 0.011970977 0.10379684
v  -0.13636577 0.027840445 0.041204814
v  -0.065251186 -0.0096918251 0.059329934
v  -0.064924866 -0.0095267352 0.035363771
v  -0.13822338 -0.010487425 0.0244778
v  -0.13039042 0.054061294 -0.011105424
v  -0.1343369 0.036743421 0.02344349
v  -0.12501909 0.057016362 -0.048095934
v  -0.040779378 1.5524775 0.027619315
v  -0.047384951 1.5596271 -0.011474572
v  -0.048222393 1.5210958 0.018517973
v  -0.056302875 1.5258836 -0.030036546
v  -0.024157995 1.6974667 0.10058044
v  -0.015469377 1.6773872 0.11265875
v  -0.056278847 1.6780398 0.091284595
v  -0.056283321 1.6942776 0.085982844
v  -0.041547272 1.7405761 -0.0046689929
v  -0.021677421 1.743205 -0.014938912
v  -0.048895434 1.7398438 0.024693387
v  -0.029615533 1.6828253 -0.059350722
v  -0.041977704 1.6232226 -0.038392611
v  -0.055257261 1.6818115 -0.049499672
v  -0.075430945 1.6792474 0.021735255
v  -0.054520324 1.6612414 0.086582132
v  -0.055484947 1.6704562 0.089161612
v  -0.060131658 1.6014123 0.027830526
v  -0.041608151 1.5937538 0.091507949
v  -0.073161796 1.6489669 0.0088391406
v  -0.063301966 1.618403 0.015445855
v  -0.068415694 1.6504027 0.013324229
v  -0.068026453 1.6169674 0.014055399
v  -0.01289016 1.6612884 0.10384377
v  -0.0099912109 1.594305 0.11112659
v  -0.032527402 1.5551257 0.06055538
v  -0.035239775 1.5469782 0.085645348
v  -0.036592588 1.6148303 -0.036221486
v  -0.051307075 1.5942646 0.023126841
v  -0.49896777 1.4048134 -0.027715994
v  -0.49600253 1.4255433 -0.084738828
v  -0.69220632 1.4303339 0.0090678846
v  -0.50387698 1.440818 0.006832411
v  -0.097477622 0.51957315 -0.15810157
v  -0.013617394 0.47796986 -0.075658888
v  -0.21082038 0.5094713 0.048404191
v  -0.092506558 0.48088491 0.14450249
v  -0.21358934 0.52630866 -0.070147268
v  -0.0068598217 0.46953616 0.092042118
v  -0.11393012 0.062869534 -0.084333457
v  -0.088621937 0.0669211 -0.094733767
v  -0.064134255 0.064056739 -0.076178603
v  -0.066841237 0.04493447 0.030509537
v  -0.062506765 -0.0094154328 0.035441324
v  -0.06533578 0.046652324 0.031314638
v  -0.062833086 -0.0095805228 0.059407484
v  -0.06553787 0.061184764 -0.0070850942
v  -0.065106519 0.062395327 -0.027858594
v  -0.73910701 1.4506054 0.077253677
v  -0.71380192 1.4702134 0.042995032
v  -0.74588454 1.4723213 0.075017795
v  -0.70664036 1.4437355 0.045598209
v  -0.76341474 1.4526591 -0.020893808
v  -0.71887183 1.4710985 -0.023902697
v  -0.71151143 1.4479697 -0.020171961
v  -0.76682401 1.4689615 -0.022026984
v  -0.75928319 1.4751321 0.052537192
v  -0.71899068 1.4751098 0.0070285015
v  -0.76277655 1.4798901 0.013533629
v  -0.74681914 1.4481994 0.05015086
v  -0.70909774 1.4337946 0.012881655
v  -0.7521221 1.4432551 0.019817008
v  -0.80105931 1.4518437 -0.017663188
v  -0.80560583 1.4679222 -0.017994357
v  -0.80436605 1.4818944 0.018286249
v  -0.79842848 1.4551388 0.023250498
v  -0.79975492 1.4539757 0.059214871
v  -0.76970822 1.4493403 0.072728582
v  -0.76076245 1.4519179 0.092671819
v  -0.77613735 1.4717761 0.072493821
v  -0.76437795 1.4693153 0.091521583
v  -0.78504902 1.4441454 0.091082931
v  -0.77965659 1.4466952 0.10387526
v  -0.78858411 1.4591116 0.091104046
v  -0.78247875 1.4587795 0.1030451
v  -0.832039 1.4464282 -0.014940526
v  -0.86078048 1.4559373 -0.010096882
v  -0.83661926 1.4639709 -0.01520725
v  -0.85695279 1.4397951 -0.0096020829
v  -0.83824277 1.479063 0.022635503
v  -0.83386296 1.4525329 0.067421071
v  -0.8323648 1.4568957 0.025987584
v  -0.80484647 1.4734118 0.059885092
v  -0.83914679 1.4710096 0.067978263
v  -0.8853398 1.4624729 0.031333741
v  -0.87957281 1.4445518 0.032758333
v  -0.86715603 1.4601765 0.072674751
v  -0.86101025 1.4434227 0.072721153
v  -0.014304963 1.6701193 0.10867914
v  -0.0092738662 1.5792012 0.1047613
v  -0.02609076 1.5722207 0.094333477
v  -0.011463813 1.5646707 0.099935718
v  -0.054169301 1.6279445 -0.012620624
v  -0.060907353 1.6512231 -0.017374061
v  -0.067196995 1.6210115 -0.019278241
v  -0.070674494 1.657547 -0.025780264
v  -0.054688547 0.20172559 -0.026624121
v  -0.04913969 0.20862962 -0.082950674
v  -0.091556206 0.19418555 -0.096240357
v  -0.1282827 0.19300352 -0.084501073
v  -0.091146775 0.19371207 -0.10246677
v  -0.12371647 0.19357194 -0.080681778
v  -0.13223447 0.18377495 -0.037593216
v  -0.098946311 0.17511083 -0.0090326769
v  -0.13811855 0.18169078 -0.034746088
v  -0.098310724 0.17807658 -0.015325012
v  -0.09892676 0.19934613 -0.0035228345
v  -0.05748719 0.18413906 -0.078911699
v  -0.051806796 0.18211123 -0.08245714
v  -0.14056054 0.20915733 -0.030862059
v  -0.056491919 0.17651357 -0.027516825
v  -0.091795065 0.22289409 -0.10389856
v  -0.13052709 0.22305547 -0.083369352
v  -0.061544575 0.1792914 -0.031332564
v  -0.13699931 0.15388396 -0.038359098
v  -0.12181079 0.16805556 -0.08164271
v  -0.13016103 0.1604538 -0.040891044
v  -0.12662795 0.16451706 -0.087697007
v  -0.092023492 0.19933967 -0.10439789
v  -0.13138814 0.19531654 -0.086239487
v  -0.055483859 0.15698422 -0.026032452
v  -0.098543555 0.15299734 -0.012175213
v  -0.063075766 0.15788448 -0.032090541
v  -0.098327316 0.157499 -0.020003287
v  -0.14180937 0.18196617 -0.034087703
v  -0.1005869 0.17792429 -0.0062070107
v  -0.050718121 0.16253307 -0.082426772
v  -0.05975176 0.16162296 -0.078492641
v  -0.050096288 0.19010369 -0.082587563
v  -0.055674884 0.18312049 -0.024791863
v  -0.089030214 0.16927658 -0.10322743
v  -0.09100575 0.16940786 -0.095024668
v  -0.12503812 0.13971846 -0.0864188
v  -0.091473326 0.13849196 -0.099134728
v  -0.100895 0.12988691 -0.021006936
v  -0.13466181 0.13413313 -0.042751379
v  -0.097287573 0.15829399 -0.013783637
v  -0.057030734 0.15411681 -0.028187269
v  -0.053181004 0.1592541 -0.081601091
v  -0.060178597 0.12836234 -0.081719756
v  -0.062834539 0.12468076 -0.02992823
v  -0.088007964 0.17303303 -0.10000884
v  -0.12330107 0.17544115 -0.084200859
v  -0.13350448 0.16675508 -0.037333779
v  -0.10599294 0.035484493 0.1880725
v  -0.1027749 0.039836697 0.18015449
v  -0.098780118 0.048499148 0.19099294
v  -0.093430914 0.047224473 0.19230039
v  -0.096755452 0.050680254 0.18381338
v  -0.091702335 0.049879622 0.18186375
v  -0.085695073 0.049412187 0.18344045
v  -0.085686989 0.047516983 0.19286649
v  -0.098243624 0.065865517 -0.0023771848
v  -0.099465005 0.049412802 0.031800807
v  -0.13845624 0.029028624 0.041494332
v  -0.099800088 0.051593192 0.032800436
v  -0.13613246 0.038281679 0.023968223
v  -0.10041419 0.043136656 0.050371937
v  -0.065521181 0.037826341 0.050430425
v  -0.14061885 -0.010253659 0.024208182
v  -0.14313626 -0.010239836 0.039132226
v  -0.14094973 0.10117542 -0.020880949
v  -0.10136484 0.11004587 -0.0049574208
v  -0.043766249 0.10979685 -0.027289877
v  -0.045749262 0.1140894 -0.089800358
v  -0.088550739 0.11367103 -0.11387124
v  -0.1358154 0.1117378 -0.10080829
v  -0.05240725 0.10917535 -0.009459571
v  -0.15034235 0.10823591 -0.054183111
v  -0.49788341 1.3498676 0.0067402367
v  -0.49567962 1.3205193 -0.027434008
v  -0.49179682 1.3395083 -0.062647335
v  -0.043896861 1.5931004 0.09333393
v  -0.0375944 1.5466462 0.087474264
v  -0.027442303 1.5717117 0.096962862
v  -0.062974915 1.6010072 0.028697373
v  -0.013003045 1.5645351 0.10250706
v  -0.011347423 1.5934772 0.1136712
v  -0.010630078 1.5783736 0.10730591
v  -0.057970285 1.5602027 0.031739332
v  -0.032098409 1.5014553 0.084590241
v  -0.05514241 1.5605416 0.030797042
v  -0.029964432 1.5017384 0.08250086
v  -0.016299175 1.6766031 0.11430082
v  -0.057108644 1.6772556 0.092926681
v  -0.056339987 1.6699129 0.090871207
v  -0.015171789 1.6695663 0.11044776
v  -0.031985991 1.7298553 0.09173575
v  -0.028303899 1.7093304 0.099030375
v  -0.073156722 1.7050707 0.022903062
v  -0.056966383 1.7025219 -0.040528484
v  -0.072218336 1.6917902 0.022476701
v  -0.055324521 1.6913553 -0.04525914
v  -0.061502092 1.706499 0.080419555
v  -0.027929028 1.694195 -0.055264633
v  -0.028483192 1.7078341 -0.050391085
v  -0.027774584 1.7323502 -0.039360836
v  -0.057074416 1.7255697 0.075064979
v  -0.022148568 1.7383897 0.064627014
v  -0.041938279 1.7356319 0.053846549
v  -0.06151304 1.7335868 0.024947407
v  -0.055549167 1.7232324 -0.03109565
v  -0.096359536 1.712808 0.16673656
v  -0.057434414 1.7718562 0.099975839
v  -0.085702024 1.7497965 0.015354587
v  -0.05381988 1.7171857 -0.07317321
v  -0.14899853 1.6795433 0.031189093
v  -0.089071147 1.6394459 -0.097832382
v  -0.24182436 1.7008749 0.34362715
v  -0.33469802 1.6069767 0.036704957
v  -0.21394508 1.5111185 -0.23665874
v  -0.039024614 1.8434592 0.018754227
v  -0.056860983 1.8186032 -0.026827218
v  -0.037409093 1.7964681 -0.077311963
v  -0.030683091 1.8393438 -0.097590066
v  -0.027257871 1.8779882 -0.034759138
v  -0.045282185 1.8596147 -0.064793162
v  -0.025807627 1.9066156 -0.13431057
v  -0.0132475 1.8779755 -0.14902942
v  -0.012467956 1.9267467 -0.12873988
v  -0.0028749146 1.9096525 -0.22156049
v  -0.0036772108 1.904022 -0.22189368
v  -0.0028219924 1.8995599 -0.22242118
v  -0.23968713 1.6911684 0.34472889
v  -0.09263292 1.703553 0.16606578
v  -0.33128268 1.5980891 0.039761689
v  -0.14369747 1.6714922 0.033849392
v  -0.21148986 1.5030237 -0.2313256
v  -0.084923379 1.6325705 -0.091872729
v  -0.057891373 1.7183363 0.077601388
v  -0.057033885 1.6950662 -0.04465327
v  -0.074818231 1.7010722 0.025212359
v  -0.084211811 1.7669157 0.0058445828
v  -0.052732389 1.8033612 0.068461686
v  -0.074624002 1.7895921 -0.0087051243
v  -0.057904568 1.7815406 0.093876153
v  -0.050773099 1.7465801 -0.077380672
v  -0.046181142 1.7691165 -0.078475267
v  -0.045769595 1.7971809 0.064811975
v  -0.074858814 1.7634116 0.006333184
v  -0.065199278 1.7867732 -0.0069100247
v  -0.052273598 1.7746571 0.089304172
v  -0.043543261 1.7450901 -0.070634857
v  -0.038809087 1.7676252 -0.0718854
v  -0.071162961 1.7953382 -0.012388576
v  -0.044608615 1.834434 0.033481635
v  -0.06086779 1.8179693 -0.026678026
v  -0.050153144 1.8125553 0.058418266
v  -0.040412225 1.7970831 -0.07985761
v  -0.046088636 1.7694366 -0.078466251
v  -0.037528321 1.8282663 0.030043112
v  -0.061795611 1.7919695 -0.011440976
v  -0.051478766 1.8150395 -0.024872856
v  -0.044359505 1.8056924 0.054021772
v  -0.033234272 1.7955285 -0.073071212
v  -0.039283622 1.7679043 -0.071301118

# 2312 UV coordinates
vt 0.13733469 0.83729166 0
vt 0.13733663 0.8372913 0
vt 0.1373359 0.83729565 0
vt 0.13728596 0.83726841 0
vt 0.13728638 0.83727086 0
vt 0.1372821 0.83727014 0
vt 0.13728198 0.83726752 0
vt 0.13733877 0.83728582 0
vt 0.13734195 0.83728915 0
vt 0.13733849 0.83728635 0
vt 0.13733894 0.83728874 0
vt 0.13727947 0.83727002 0
vt 0.13727784 0.83726805 0
vt 0.13727865 0.83726716 0
vt 0.1372757 0.83726764 0
vt 0.13734195 0.83729082 0
vt 0.13733971 0.83729488 0
vt 0.1373391 0.83729082 0
vt 0.13734227 0.83729476 0
vt 0.13728647 0.83727187 0
vt 0.1372821 0.83727151 0
vt 0.13727966 0.83727139 0
vt 0.13733615 0.83728939 0
vt 0.13733417 0.83728832 0
vt 0.13734001 0.83729851 0
vt 0.1373426 0.83729953 0
vt 0.13728942 0.83727193 0
vt 0.13728932 0.83727092 0
vt 0.13728911 0.83726841 0
vt 0.13733608 0.83729881 0
vt 0.1373467 0.8372975 0
vt 0.13734511 0.8372981 0
vt 0.13734533 0.83729738 0
vt 0.13734686 0.8372981 0
vt 0.13734369 0.83729702 0
vt 0.13734321 0.83729786 0
vt 0.13733761 0.83728528 0
vt 0.13733822 0.83728522 0
vt 0.13727579 0.83726716 0
vt 0.13731852 0.83731973 0
vt 0.13731924 0.83731949 0
vt 0.13732129 0.83732027 0
vt 0.13731636 0.83732063 0
vt 0.13731778 0.83731967 0
vt 0.13734682 0.83729619 0
vt 0.1373454 0.83729601 0
vt 0.13734394 0.83729559 0
vt 0.13734263 0.83728027 0
vt 0.137343 0.83728123 0
vt 0.13734081 0.83727986 0
vt 0.13733956 0.83728051 0
vt 0.13727835 0.83726573 0
vt 0.13727602 0.83726597 0
vt 0.13734147 0.83727622 0
vt 0.13734283 0.83727658 0
vt 0.13734563 0.83729041 0
vt 0.13734436 0.83729011 0
vt 0.13734674 0.83729029 0
vt 0.1372766 0.83726084 0
vt 0.13727804 0.8372606 0
vt 0.13731883 0.83731312 0
vt 0.1373176 0.83731318 0
vt 0.13733882 0.83727622 0
vt 0.13733943 0.83728135 0
vt 0.13727805 0.83725858 0
vt 0.13727804 0.83725965 0
vt 0.13727655 0.83725977 0
vt 0.13727657 0.83725864 0
vt 0.13734533 0.83728778 0
vt 0.13734661 0.83728778 0
vt 0.13734549 0.83728915 0
vt 0.13734667 0.83728909 0
vt 0.137319 0.83731192 0
vt 0.13731781 0.83731061 0
vt 0.13731906 0.83731037 0
vt 0.13731773 0.83731204 0
vt 0.13734291 0.83727437 0
vt 0.1373429 0.83727551 0
vt 0.13734171 0.83727413 0
vt 0.13734157 0.83727521 0
vt 0.13734396 0.8372876 0
vt 0.13734415 0.83728892 0
vt 0.13732024 0.83731037 0
vt 0.13732015 0.83731186 0
vt 0.13731921 0.83730477 0
vt 0.13732034 0.83730477 0
vt 0.13734221 0.8372696 0
vt 0.137343 0.83726978 0
vt 0.13734338 0.83728188 0
vt 0.13734426 0.83728182 0
vt 0.13732129 0.83730483 0
vt 0.13727739 0.83725369 0
vt 0.13727646 0.83725381 0
vt 0.13734514 0.8372817 0
vt 0.13732003 0.83731312 0
vt 0.13733873 0.83727521 0
vt 0.13733886 0.83726931 0
vt 0.13733877 0.83727407 0
vt 0.13728057 0.83726126 0
vt 0.13728072 0.83726025 0
vt 0.13728087 0.83725441 0
vt 0.13728078 0.83725899 0
vt 0.13727939 0.83726698 0
vt 0.13734655 0.83727175 0
vt 0.1373449 0.83727032 0
vt 0.13734655 0.83727002 0
vt 0.13731636 0.83731902 0
vt 0.13729249 0.8372705 0
vt 0.13729136 0.83726823 0
vt 0.13729264 0.83726805 0
vt 0.13729133 0.83727068 0
vt 0.13734284 0.83730191 0
vt 0.13734004 0.83730239 0
vt 0.13734002 0.83730096 0
vt 0.13734299 0.83730334 0
vt 0.13729256 0.83727193 0
vt 0.13729142 0.83727193 0
vt 0.13729794 0.83727193 0
vt 0.13729788 0.83726978 0
vt 0.13733546 0.83730751 0
vt 0.1373357 0.83730233 0
vt 0.13733956 0.83730763 0
vt 0.13734321 0.83730817 0
vt 0.13729788 0.83726734 0
vt 0.1373025 0.83726948 0
vt 0.13730252 0.83726662 0
vt 0.1373028 0.8372708 0
vt 0.13733934 0.83731216 0
vt 0.13733497 0.8373121 0
vt 0.13734321 0.83731282 0
vt 0.13732898 0.83731186 0
vt 0.13733006 0.83730721 0
vt 0.13732928 0.83731186 0
vt 0.13732976 0.83730716 0
vt 0.13732824 0.83731741 0
vt 0.13732862 0.8373158 0
vt 0.13732851 0.83731747 0
vt 0.13732834 0.83731574 0
vt 0.13729444 0.83732569 0
vt 0.13729471 0.83732915 0
vt 0.13729441 0.83732903 0
vt 0.13729471 0.83732557 0
vt 0.13729246 0.83732885 0
vt 0.13729288 0.83732957 0
vt 0.13729264 0.83732975 0
vt 0.13729276 0.83732885 0
vt 0.13729347 0.83733016 0
vt 0.1372935 0.83732986 0
vt 0.13729264 0.83732551 0
vt 0.13729291 0.83732563 0
vt 0.13729417 0.8373298 0
vt 0.13729437 0.83732998 0
vt 0.13729374 0.8373245 0
vt 0.13729374 0.83732474 0
vt 0.13733584 0.83730102 0
vt 0.13733253 0.83729881 0
vt 0.13733195 0.83730006 0
vt 0.13733223 0.83729869 0
vt 0.1373474 0.83728385 0
vt 0.13734712 0.83728856 0
vt 0.13734686 0.83728868 0
vt 0.13734764 0.83728403 0
vt 0.13734999 0.83729005 0
vt 0.13734986 0.83729029 0
vt 0.13735129 0.83729064 0
vt 0.13735119 0.83729094 0
vt 0.13735117 0.8372817 0
vt 0.13735129 0.837282 0
vt 0.1373335 0.83729416 0
vt 0.13733378 0.83729422 0
vt 0.13847266 0.63951981 0
vt 0.13849808 0.63947648 0
vt 0.13848983 0.63952595 0
vt 0.13847904 0.63947332 0
vt 0.13872151 0.63948214 0
vt 0.13870676 0.6394701 0
vt 0.13872151 0.63945514 0
vt 0.13871656 0.6394856 0
vt 0.13850786 0.63941783 0
vt 0.13849173 0.63941038 0
vt 0.13733053 0.83730489 0
vt 0.13733089 0.83730489 0
vt 0.37091026 0.90268505 0
vt 0.37092716 0.9026615 0
vt 0.37091807 0.90269005 0
vt 0.37093413 0.90266681 0
vt 0.37137088 0.90225339 0
vt 0.37138307 0.90223861 0
vt 0.37138307 0.90226471 0
vt 0.37095708 0.90267962 0
vt 0.37097108 0.90270281 0
vt 0.3709535 0.90268129 0
vt 0.37095508 0.9027034 0
vt 0.37093532 0.90269041 0
vt 0.37094131 0.90266705 0
vt 0.37094697 0.90268075 0
vt 0.37128797 0.90244138 0
vt 0.37130517 0.90243924 0
vt 0.3713043 0.90244627 0
vt 0.37129417 0.90243411 0
vt 0.3712607 0.90243113 0
vt 0.37125704 0.90241683 0
vt 0.37126333 0.90241909 0
vt 0.37125126 0.90243429 0
vt 0.37129512 0.90244901 0
vt 0.37129989 0.9024502 0
vt 0.37127393 0.90243435 0
vt 0.37127775 0.90242612 0
vt 0.37094697 0.90264857 0
vt 0.37094042 0.90264273 0
vt 0.37132528 0.90273225 0
vt 0.37131384 0.9027189 0
vt 0.37132555 0.90271926 0
vt 0.37131095 0.90273213 0
vt 0.3713147 0.90270543 0
vt 0.37132898 0.90270895 0
vt 0.37132898 0.90274501 0
vt 0.37127641 0.90244341 0
vt 0.37127215 0.9024387 0
vt 0.36336824 0.85770726 0
vt 0.3632803 0.85778248 0
vt 0.36334622 0.85768431 0
vt 0.36330155 0.85780919 0
vt 0.36251536 0.85768145 0
vt 0.36260071 0.85767514 0
vt 0.36256942 0.85778475 0
vt 0.36251572 0.85767841 0
vt 0.36251575 0.85758388 0
vt 0.36261171 0.85764426 0
vt 0.36333737 0.85765398 0
vt 0.36327702 0.85771704 0
vt 0.36329201 0.85765082 0
vt 0.3626157 0.85771513 0
vt 0.36263439 0.8576473 0
vt 0.36265558 0.85770774 0
vt 0.36266172 0.85765809 0
vt 0.36339092 0.85760218 0
vt 0.36331886 0.85762531 0
vt 0.36336371 0.85759485 0
vt 0.36266521 0.85775888 0
vt 0.36262146 0.85776639 0
vt 0.36342001 0.85762537 0
vt 0.36367115 0.85786653 0
vt 0.36362165 0.85792238 0
vt 0.36361048 0.85786933 0
vt 0.36367324 0.85791755 0
vt 0.36362702 0.8579703 0
vt 0.36368635 0.85795385 0
vt 0.36262167 0.85779572 0
vt 0.36268061 0.85779476 0
vt 0.36368635 0.85781211 0
vt 0.36257982 0.85780358 0
vt 0.37103191 0.90250725 0
vt 0.3710306 0.90249687 0
vt 0.3710326 0.90249693 0
vt 0.37102994 0.90250731 0
vt 0.37133384 0.902484 0
vt 0.37134352 0.90247881 0
vt 0.3713437 0.90248078 0
vt 0.37133285 0.90248239 0
vt 0.37124383 0.90245593 0
vt 0.37124631 0.90244043 0
vt 0.37124807 0.90244138 0
vt 0.3712419 0.90245557 0
vt 0.37135452 0.90268409 0
vt 0.37134019 0.90266925 0
vt 0.37134194 0.9026686 0
vt 0.37135249 0.90268695 0
vt 0.37135389 0.90268576 0
vt 0.37103102 0.90248287 0
vt 0.37103298 0.90248287 0
vt 0.37134448 0.9025237 0
vt 0.37133408 0.90251863 0
vt 0.37133557 0.90251732 0
vt 0.37134454 0.9025262 0
vt 0.37132949 0.90248978 0
vt 0.37133116 0.90248984 0
vt 0.37125894 0.90243471 0
vt 0.37125915 0.90243649 0
vt 0.37133157 0.90250295 0
vt 0.37132996 0.90250379 0
vt 0.37129658 0.90246665 0
vt 0.37127534 0.90244436 0
vt 0.37129813 0.90246582 0
vt 0.37127164 0.90244019 0
vt 0.13734713 0.83730328 0
vt 0.13735095 0.83730799 0
vt 0.13734703 0.83730799 0
vt 0.13735095 0.8373034 0
vt 0.13734761 0.83729833 0
vt 0.13735084 0.8372981 0
vt 0.13734728 0.83730197 0
vt 0.13734716 0.83730191 0
vt 0.13733952 0.83732474 0
vt 0.13734379 0.83732134 0
vt 0.13734408 0.83732522 0
vt 0.13733914 0.83732122 0
vt 0.13733919 0.83731878 0
vt 0.13734376 0.83731878 0
vt 0.13733931 0.83731717 0
vt 0.13734408 0.83731765 0
vt 0.13733435 0.8373245 0
vt 0.13733397 0.83732074 0
vt 0.13733378 0.8373183 0
vt 0.13733386 0.83731723 0
vt 0.13849758 0.63936764 0
vt 0.13853528 0.63932788 0
vt 0.13852288 0.63937229 0
vt 0.13851188 0.63931131 0
vt 0.13733137 0.83730352 0
vt 0.13733095 0.83730352 0
vt 0.40421373 0.89841837 0
vt 0.40421391 0.89841777 0
vt 0.40421408 0.89841837 0
vt 0.84242636 0.8972072 0
vt 0.84246051 0.89715844 0
vt 0.84247828 0.89721137 0
vt 0.84241921 0.89715779 0
vt 0.13856457 0.63888985 0
vt 0.13859515 0.63895565 0
vt 0.13856556 0.63895744 0
vt 0.13860859 0.63889223 0
vt 0.1384026 0.63878649 0
vt 0.13837399 0.63883609 0
vt 0.13837723 0.63878441 0
vt 0.13840397 0.63882178 0
vt 0.13852762 0.63894862 0
vt 0.13852103 0.63888097 0
vt 0.1385083 0.63923448 0
vt 0.13850074 0.6393019 0
vt 0.13847382 0.63923287 0
vt 0.13845916 0.63929546 0
vt 0.13844241 0.63887751 0
vt 0.13843228 0.63894075 0
vt 0.13840593 0.6388917 0
vt 0.13840266 0.63894653 0
vt 0.13840871 0.6390214 0
vt 0.13843192 0.63898194 0
vt 0.13845028 0.63933575 0
vt 0.13850291 0.63934034 0
vt 0.13853617 0.63900191 0
vt 0.13856862 0.63901687 0
vt 0.13862084 0.63901979 0
vt 0.13853039 0.63931477 0
vt 0.13851847 0.63936704 0
vt 0.13837467 0.63888818 0
vt 0.13838737 0.63895345 0
vt 0.13851018 0.63913679 0
vt 0.13847496 0.63917917 0
vt 0.13847445 0.63914752 0
vt 0.13851516 0.63917589 0
vt 0.13837738 0.63901699 0
vt 0.13854481 0.63924837 0
vt 0.138447 0.63879275 0
vt 0.13842274 0.63874793 0
vt 0.13843869 0.63874477 0
vt 0.13880073 0.63882202 0
vt 0.13882549 0.63881153 0
vt 0.13880102 0.63883632 0
vt 0.13882549 0.63885599 0
vt 0.13855426 0.63918781 0
vt 0.13855849 0.63915074 0
vt 0.13861449 0.63884056 0
vt 0.13856749 0.63879222 0
vt 0.13862084 0.63878888 0
vt 0.13856713 0.63883448 0
vt 0.13852717 0.63881981 0
vt 0.13853876 0.63878256 0
vt 0.138445 0.63882405 0
vt 0.59175569 0.66990983 0
vt 0.59174418 0.66990829 0
vt 0.59175509 0.66989696 0
vt 0.5917421 0.66989648 0
vt 0.59174162 0.66987914 0
vt 0.59175569 0.6698783 0
vt 0.13851689 0.63910425 0
vt 0.1385325 0.63910627 0
vt 0.13858612 0.63874477 0
vt 0.13860248 0.63874829 0
vt 0.13862596 0.63970542 0
vt 0.13866369 0.6397354 0
vt 0.1386274 0.63972151 0
vt 0.13866369 0.63969177 0
vt 0.12350789 0.60127348 0
vt 0.1234023 0.60178596 0
vt 0.1232844 0.60126591 0
vt 0.12283885 0.60195529 0
vt 0.59241784 0.66985792 0
vt 0.59241408 0.66981608 0
vt 0.59243053 0.66985554 0
vt 0.59243053 0.66981477 0
vt 0.59238058 0.66990924 0
vt 0.59238058 0.66989291 0
vt 0.59239239 0.66989356 0
vt 0.59239298 0.66991067 0
vt 0.59299374 0.66884077 0
vt 0.59298074 0.66882885 0
vt 0.59299481 0.66882974 0
vt 0.59298009 0.66884005 0
vt 0.59299481 0.66885585 0
vt 0.59298247 0.66885668 0
vt 0.59239298 0.66987824 0
vt 0.5923816 0.66987973 0
vt 0.59296876 0.6698451 0
vt 0.59295923 0.66986972 0
vt 0.59295195 0.66984999 0
vt 0.59297121 0.6698752 0
vt 0.5929848 0.66986442 0
vt 0.5929845 0.66983598 0
vt 0.59294701 0.66976649 0
vt 0.59296572 0.66979414 0
vt 0.59294498 0.66980469 0
vt 0.59296876 0.66974765 0
vt 0.59242386 0.66988039 0
vt 0.59242922 0.6698814 0
vt 0.59297842 0.66972733 0
vt 0.59297162 0.66972756 0
vt 0.59298372 0.66975051 0
vt 0.59296817 0.66943347 0
vt 0.59297323 0.66939616 0
vt 0.59297979 0.66943157 0
vt 0.59299266 0.66940045 0
vt 0.59298021 0.66963995 0
vt 0.59296489 0.66966784 0
vt 0.59296447 0.66963631 0
vt 0.59298909 0.66966957 0
vt 0.59239894 0.6698457 0
vt 0.59239399 0.66981351 0
vt 0.5929845 0.66979474 0
vt 0.5929845 0.66980726 0
vt 0.59278452 0.66981411 0
vt 0.59280115 0.66984773 0
vt 0.59276569 0.66984773 0
vt 0.59276623 0.66981256 0
vt 0.59280157 0.66982323 0
vt 0.59294617 0.6698125 0
vt 0.83963257 0.89986712 0
vt 0.83956873 0.89986449 0
vt 0.83959222 0.89981997 0
vt 0.8396439 0.89982635 0
vt 0.8396861 0.89983791 0
vt 0.83967501 0.89986742 0
vt 0.84844232 0.89797133 0
vt 0.84843701 0.89797813 0
vt 0.84843481 0.89797235 0
vt 0.84844768 0.89797854 0
vt 0.84844804 0.89797056 0
vt 0.84845185 0.89798057 0
vt 0.84920073 0.89781845 0
vt 0.84918392 0.89780867 0
vt 0.84920257 0.89780748 0
vt 0.84919369 0.89782274 0
vt 0.84918582 0.89782572 0
vt 0.84920323 0.89724874 0
vt 0.8492139 0.89722931 0
vt 0.84921396 0.89725047 0
vt 0.84920597 0.89722914 0
vt 0.84922075 0.89722943 0
vt 0.84843647 0.89798093 0
vt 0.84841073 0.89797902 0
vt 0.84843576 0.89798439 0
vt 0.84841561 0.89800751 0
vt 0.84843981 0.89800906 0
vt 0.84840691 0.89799041 0
vt 0.84841061 0.89800155 0
vt 0.84840977 0.89800203 0
vt 0.84840882 0.89798987 0
vt 0.84844923 0.89800888 0
vt 0.84844506 0.89798462 0
vt 0.84845614 0.89800632 0
vt 0.84134722 0.89987558 0
vt 0.84140086 0.8998847 0
vt 0.84137803 0.8999086 0
vt 0.84132808 0.89989185 0
vt 0.84242231 0.89707804 0
vt 0.84245235 0.89709461 0
vt 0.84241855 0.89708936 0
vt 0.84246016 0.897084 0
vt 0.84839416 0.89800441 0
vt 0.84839284 0.89800131 0
vt 0.84841466 0.89801037 0
vt 0.63070202 0.9060874 0
vt 0.63071775 0.9061051 0
vt 0.63070107 0.90609044 0
vt 0.63072735 0.9061076 0
vt 0.84144074 0.89986652 0
vt 0.84138328 0.89984637 0
vt 0.84840333 0.89802384 0
vt 0.84841788 0.89802563 0
vt 0.84843028 0.89802396 0
vt 0.83954489 0.89981502 0
vt 0.83951825 0.89986742 0
vt 0.84838992 0.89802241 0
vt 0.13734622 0.83731335 0
vt 0.13734733 0.83731908 0
vt 0.13734633 0.83731914 0
vt 0.13734789 0.83731282 0
vt 0.13734527 0.83731359 0
vt 0.13734566 0.8373192 0
vt 0.13839997 0.6388582 0
vt 0.13844337 0.63884759 0
vt 0.13856639 0.6388616 0
vt 0.13852127 0.63885075 0
vt 0.13861071 0.63886559 0
vt 0.1385514 0.63921869 0
vt 0.13851564 0.6392079 0
vt 0.138474 0.63920277 0
vt 0.13837467 0.63886136 0
vt 0.59261811 0.66980934 0
vt 0.59260887 0.6698482 0
vt 0.59260958 0.66981012 0
vt 0.59261841 0.66984957 0
vt 0.59263504 0.66980982 0
vt 0.59263414 0.6698482 0
vt 0.59274799 0.66984767 0
vt 0.59274894 0.66980964 0
vt 0.32014632 0.65145415 0
vt 0.32014376 0.65145397 0
vt 0.32014382 0.65145391 0
vt 0.32014632 0.65145409 0
vt 0.32018232 0.6514439 0
vt 0.32018244 0.65144497 0
vt 0.32018232 0.65144497 0
vt 0.32018244 0.6514439 0
vt 0.59237176 0.66985118 0
vt 0.59237391 0.66981381 0
vt 0.59237939 0.66985053 0
vt 0.59239334 0.66984212 0
vt 0.59239399 0.66981369 0
vt 0.5923537 0.66981351 0
vt 0.592354 0.66985202 0
vt 0.86020154 0.83757383 0
vt 0.8602013 0.83758992 0
vt 0.86019391 0.83757526 0
vt 0.86019194 0.83759141 0
vt 0.86020273 0.83769888 0
vt 0.86019677 0.83771265 0
vt 0.86019456 0.83769596 0
vt 0.86020255 0.8377139 0
vt 0.86059332 0.83800244 0
vt 0.86059523 0.83801842 0
vt 0.8605805 0.83800274 0
vt 0.86060363 0.83801466 0
vt 0.86056858 0.83801872 0
vt 0.86056954 0.83800179 0
vt 0.8605814 0.838018 0
vt 0.86029053 0.8375445 0
vt 0.86030066 0.83752918 0
vt 0.86030197 0.83754331 0
vt 0.86031061 0.83753002 0
vt 0.86027873 0.83754641 0
vt 0.86028981 0.83752936 0
vt 0.86027473 0.83752859 0
vt 0.86058778 0.83799446 0
vt 0.86058003 0.83799469 0
vt 0.86020058 0.83759975 0
vt 0.86019295 0.83759898 0
vt 0.86029047 0.83755052 0
vt 0.86027867 0.83755136 0
vt 0.8602984 0.8375501 0
vt 0.86057222 0.83799446 0
vt 0.86020231 0.83769107 0
vt 0.86019343 0.83769202 0
vt 0.86019695 0.83772415 0
vt 0.86020267 0.83772558 0
vt 0.8605687 0.83803248 0
vt 0.8605817 0.83803266 0
vt 0.86028755 0.83751339 0
vt 0.8603 0.83751035 0
vt 0.86030686 0.83751971 0
vt 0.86031443 0.83752143 0
vt 0.86060166 0.83802515 0
vt 0.86060876 0.83802187 0
vt 0.86020017 0.83756506 0
vt 0.86019403 0.8375659 0
vt 0.86031216 0.83751291 0
vt 0.86031699 0.83751392 0
vt 0.86060768 0.83803082 0
vt 0.86061209 0.83802909 0
vt 0.86019617 0.83755767 0
vt 0.86019194 0.83755839 0
vt 0.86020166 0.83773506 0
vt 0.86019915 0.83774203 0
vt 0.8601954 0.83773363 0
vt 0.86019343 0.83774072 0
vt 0.86056858 0.83804363 0
vt 0.86058205 0.83804476 0
vt 0.86030036 0.83749789 0
vt 0.86028606 0.83750147 0
vt 0.8601917 0.83784401 0
vt 0.8601945 0.83782834 0
vt 0.86020148 0.83784074 0
vt 0.86020148 0.83782727 0
vt 0.86019456 0.83781749 0
vt 0.86020118 0.83781642 0
vt 0.86039764 0.8374002 0
vt 0.86038834 0.83739495 0
vt 0.86039817 0.83739442 0
vt 0.86038959 0.83740115 0
vt 0.8603937 0.83740598 0
vt 0.86038834 0.83740646 0
vt 0.86039376 0.83741057 0
vt 0.86038947 0.83741122 0
vt 0.86018932 0.83813244 0
vt 0.86019361 0.83811909 0
vt 0.86019582 0.8381319 0
vt 0.86018783 0.83811921 0
vt 0.86018783 0.83814758 0
vt 0.86019391 0.83814746 0
vt 0.86019772 0.83780783 0
vt 0.8601917 0.83780909 0
vt 0.86030036 0.83748788 0
vt 0.86028516 0.8374843 0
vt 0.86056948 0.83805269 0
vt 0.86058336 0.83806241 0
vt 0.86027205 0.83749503 0
vt 0.86027193 0.83750421 0
vt 0.86059856 0.83805758 0
vt 0.86059797 0.83804709 0
vt 0.86027318 0.83751529 0
vt 0.8605963 0.83803469 0
vt 0.84844649 0.89798129 0
vt 0.63119137 0.90549427 0
vt 0.63119441 0.90549183 0
vt 0.63119441 0.90549976 0
vt 0.84888643 0.89745665 0
vt 0.84888589 0.89745975 0
vt 0.84888327 0.89745784 0
vt 0.84888327 0.89745218 0
vt 0.84888089 0.89745575 0
vt 0.84888101 0.89745975 0
vt 0.84840107 0.89799881 0
vt 0.84839839 0.89799035 0
vt 0.84838676 0.89798009 0
vt 0.84839785 0.89800131 0
vt 0.84839451 0.89798808 0
vt 0.84037048 0.89904141 0
vt 0.84035587 0.8990044 0
vt 0.84037048 0.89899403 0
vt 0.84035033 0.89903569 0
vt 0.84885454 0.89783549 0
vt 0.84885454 0.89784813 0
vt 0.84885108 0.89784551 0
vt 0.84885263 0.89783406 0
vt 0.84036809 0.89908469 0
vt 0.84035033 0.89904916 0
vt 0.84036809 0.89904141 0
vt 0.84036177 0.89908624 0
vt 0.34777397 0.57380611 0
vt 0.34776354 0.57375932 0
vt 0.34776831 0.57375485 0
vt 0.34776843 0.57380366 0
vt 0.35198921 0.59726405 0
vt 0.35201004 0.59727585 0
vt 0.35200676 0.59727758 0
vt 0.35198978 0.59726018 0
vt 0.35200676 0.59730518 0
vt 0.35198319 0.59731859 0
vt 0.35198349 0.5973146 0
vt 0.35201004 0.59730768 0
vt 0.34773946 0.57383567 0
vt 0.34773853 0.57382929 0
vt 0.35196668 0.59727055 0
vt 0.35196376 0.59726775 0
vt 0.3476986 0.57381976 0
vt 0.34770316 0.57381546 0
vt 0.35264671 0.59709167 0
vt 0.3526454 0.59712154 0
vt 0.35262981 0.59711957 0
vt 0.35263145 0.59709257 0
vt 0.35243669 0.59729123 0
vt 0.35243878 0.59731954 0
vt 0.35242242 0.59731793 0
vt 0.35241905 0.59728718 0
vt 0.35243878 0.5972755 0
vt 0.35242051 0.5972712 0
vt 0.35263044 0.59714544 0
vt 0.35264671 0.59714848 0
vt 0.35264316 0.59685004 0
vt 0.35262558 0.59682214 0
vt 0.35264277 0.59682029 0
vt 0.3526248 0.59685391 0
vt 0.35262769 0.59679925 0
vt 0.35264316 0.59679908 0
vt 0.3476986 0.57377088 0
vt 0.34770316 0.57377315 0
vt 0.35195974 0.5973019 0
vt 0.35196319 0.59730017 0
vt 0.34772846 0.57374477 0
vt 0.34772903 0.57375056 0
vt 0.35161483 0.59731007 0
vt 0.35161096 0.59728134 0
vt 0.35161483 0.59727836 0
vt 0.35161078 0.59730738 0
vt 0.35142979 0.59731162 0
vt 0.35144588 0.59729266 0
vt 0.35145113 0.59729493 0
vt 0.35142881 0.59730661 0
vt 0.35158801 0.5973208 0
vt 0.35156366 0.59730649 0
vt 0.35156903 0.59730387 0
vt 0.35158876 0.59731591 0
vt 0.35142285 0.5972507 0
vt 0.35145113 0.59726173 0
vt 0.35144573 0.59726524 0
vt 0.35142276 0.59725654 0
vt 0.35156819 0.59727144 0
vt 0.35157317 0.59727514 0
vt 0.35140684 0.59730095 0
vt 0.3514024 0.59730428 0
vt 0.35264686 0.59719771 0
vt 0.3526465 0.59722614 0
vt 0.35263029 0.59722459 0
vt 0.352631 0.59719908 0
vt 0.35133371 0.59728879 0
vt 0.35133639 0.59731603 0
vt 0.35131928 0.59731543 0
vt 0.35131517 0.59728575 0
vt 0.35133639 0.59727216 0
vt 0.35131726 0.59726882 0
vt 0.3526299 0.59725112 0
vt 0.35264686 0.59725374 0
vt 0.35154387 0.5972091 0
vt 0.35156175 0.59723675 0
vt 0.35154411 0.59723842 0
vt 0.3515628 0.59720534 0
vt 0.3515628 0.59725916 0
vt 0.35154685 0.59725916 0
vt 0.35139811 0.59726846 0
vt 0.35140291 0.59727156 0
vt 0.35159397 0.59726381 0
vt 0.35159406 0.597269 0
vt 0.35137412 0.59730995 0
vt 0.35135725 0.59729886 0
vt 0.35137504 0.59730649 0
vt 0.35135379 0.59730101 0
vt 0.35135332 0.5972749 0
vt 0.35137063 0.59726095 0
vt 0.35137215 0.59726393 0
vt 0.35134912 0.59727341 0
vt 0.35153422 0.59726632 0
vt 0.35152411 0.59728801 0
vt 0.35151997 0.59728813 0
vt 0.35153711 0.59726906 0
vt 0.35153931 0.59731269 0
vt 0.35153738 0.5973165 0
vt 0.35139367 0.59729993 0
vt 0.35139263 0.59729767 0
vt 0.35129419 0.59729111 0
vt 0.35131517 0.59726882 0
vt 0.35131252 0.59729314 0
vt 0.35129741 0.59727013 0
vt 0.352442 0.59731251 0
vt 0.35246003 0.59728956 0
vt 0.35246146 0.59731263 0
vt 0.35243878 0.59728682 0
vt 0.35243937 0.5972712 0
vt 0.35246146 0.59727424 0
vt 0.35129595 0.59731454 0
vt 0.35131517 0.59731781 0
vt 0.35258624 0.59727025 0
vt 0.35260832 0.59729564 0
vt 0.35258776 0.59729576 0
vt 0.35260832 0.59726799 0
vt 0.35260534 0.59731537 0
vt 0.35258722 0.59731358 0
vt 0.35195395 0.5968495 0
vt 0.35195658 0.59682536 0
vt 0.35195825 0.596847 0
vt 0.35195211 0.59682429 0
vt 0.35156029 0.59731352 0
vt 0.35156024 0.59730983 0
vt 0.35195211 0.596802 0
vt 0.35195211 0.59683329 0
vt 0.35194823 0.59683156 0
vt 0.3519477 0.59680438 0
vt 0.35156015 0.59726524 0
vt 0.35156029 0.59726793 0
vt 0.35195646 0.596802 0
vt 0.35195825 0.59680575 0
vt 0.35139367 0.59726763 0
vt 0.35139257 0.59726965 0
vt 0.59298366 0.66948014 0
vt 0.59296322 0.66945612 0
vt 0.59298497 0.66947848 0
vt 0.59241873 0.6698842 0
vt 0.5929876 0.66947514 0
vt 0.59299004 0.66961837 0
vt 0.59298682 0.66961372 0
vt 0.5929932 0.66960829 0
vt 0.59298623 0.66960907 0
vt 0.59299374 0.66960675 0
vt 0.59298682 0.66960531 0
vt 0.59299117 0.66948169 0
vt 0.59299266 0.66947842 0
vt 0.59242195 0.66988969 0
vt 0.59242278 0.66988587 0
vt 0.59242463 0.66989011 0
vt 0.59242523 0.66988462 0
vt 0.59242839 0.66988516 0
vt 0.59242868 0.66989005 0
vt 0.59299451 0.66961437 0
vt 0.59299344 0.66961104 0
vt 0.5924921 0.6690262 0
vt 0.59248734 0.66902524 0
vt 0.5924921 0.66902053 0
vt 0.59248757 0.66902208 0
vt 0.59257156 0.6699093 0
vt 0.59256983 0.66989285 0
vt 0.59258753 0.66989368 0
vt 0.59259111 0.66991001 0
vt 0.59257311 0.66987365 0
vt 0.59259111 0.66987592 0
vt 0.32012802 0.65145117 0
vt 0.32012862 0.65145302 0
vt 0.32012784 0.65145302 0
vt 0.32012886 0.65145129 0
vt 0.32018274 0.65143305 0
vt 0.32018065 0.65143299 0
vt 0.32018059 0.65143293 0
vt 0.3201828 0.65143311 0
vt 0.32014352 0.6514526 0
vt 0.32014412 0.65145093 0
vt 0.32014418 0.65145099 0
vt 0.32014358 0.6514526 0
vt 0.32012796 0.65145451 0
vt 0.32012886 0.65145451 0
vt 0.32010514 0.65141767 0
vt 0.32010525 0.65141588 0
vt 0.32010591 0.65141588 0
vt 0.32010591 0.65141809 0
vt 0.32018065 0.65143377 0
vt 0.32018322 0.65143365 0
vt 0.32018048 0.65143096 0
vt 0.32018226 0.65143102 0
vt 0.3201822 0.65143108 0
vt 0.32018048 0.65143102 0
vt 0.32014626 0.65145081 0
vt 0.32014632 0.65145087 0
vt 0.32017887 0.65144545 0
vt 0.32017881 0.65144479 0
vt 0.32017887 0.65144479 0
vt 0.32017899 0.65144545 0
vt 0.32018298 0.65143198 0
vt 0.32018286 0.65143198 0
vt 0.59176439 0.66989791 0
vt 0.59178722 0.66989338 0
vt 0.59178531 0.66990674 0
vt 0.59177321 0.66988379 0
vt 0.59180361 0.66989195 0
vt 0.59180504 0.66986918 0
vt 0.59181535 0.66989559 0
vt 0.59181535 0.66986305 0
vt 0.59179258 0.66986132 0
vt 0.59177792 0.66986543 0
vt 0.59179348 0.66985005 0
vt 0.59176874 0.66985637 0
vt 0.59181058 0.66990483 0
vt 0.59176046 0.66988057 0
vt 0.59261417 0.66987342 0
vt 0.59263974 0.66987354 0
vt 0.59239399 0.66987574 0
vt 0.59239346 0.66985267 0
vt 0.59237391 0.66987574 0
vt 0.59277898 0.6697892 0
vt 0.59276104 0.66978502 0
vt 0.59279251 0.66980892 0
vt 0.59279138 0.6697858 0
vt 0.59236419 0.6698761 0
vt 0.59234244 0.66987824 0
vt 0.59259498 0.66987354 0
vt 0.59273875 0.66978341 0
vt 0.12360206 0.60549712 0
vt 0.12320352 0.60542363 0
vt 0.12353253 0.60541385 0
vt 0.12328735 0.6049931 0
vt 0.058390688 0.70612413 0
vt 0.058418792 0.70612389 0
vt 0.058418792 0.70635867 0
vt 0.13842551 0.63902175 0
vt 0.13843553 0.63898093 0
vt 0.12323257 0.60498327 0
vt 0.1381615 0.63967359 0
vt 0.13816662 0.63959807 0
vt 0.13816662 0.63967341 0
vt 0.1381626 0.63959748 0
vt 0.13880457 0.63925821 0
vt 0.13881116 0.639301 0
vt 0.1388099 0.63929981 0
vt 0.13880242 0.63925821 0
vt 0.13735242 0.83729112 0
vt 0.13735117 0.83729666 0
vt 0.13735166 0.83729094 0
vt 0.1373522 0.8372969 0
vt 0.13731171 0.83732945 0
vt 0.13730842 0.83732414 0
vt 0.13731171 0.83732373 0
vt 0.13730912 0.83732927 0
vt 0.13735315 0.83729136 0
vt 0.13735315 0.83729732 0
vt 0.13729805 0.83732504 0
vt 0.13729532 0.83732957 0
vt 0.13729483 0.83732492 0
vt 0.13729805 0.83732969 0
vt 0.13735253 0.83727264 0
vt 0.13735323 0.83727443 0
vt 0.13735205 0.83727533 0
vt 0.13735366 0.83727199 0
vt 0.13735455 0.8372727 0
vt 0.13735475 0.83727533 0
vt 0.63102609 0.90612531 0
vt 0.63102943 0.90613377 0
vt 0.63102567 0.90614372 0
vt 0.63099962 0.906124 0
vt 0.63103747 0.90614772 0
vt 0.63103288 0.90613663 0
vt 0.63103724 0.90613693 0
vt 0.63103646 0.90612495 0
vt 0.63103455 0.90613109 0
vt 0.63103789 0.90612543 0
vt 0.63103783 0.90613204 0
vt 0.63100231 0.90613991 0
vt 0.63102633 0.90616155 0
vt 0.63103789 0.90616584 0
vt 0.631585 0.90587097 0
vt 0.63158172 0.90588766 0
vt 0.6315695 0.90586203 0
vt 0.63159508 0.90589666 0
vt 0.63158828 0.9058547 0
vt 0.63157183 0.90584719 0
vt 0.63086486 0.90608478 0
vt 0.6308735 0.90607309 0
vt 0.63086581 0.90608537 0
vt 0.63087285 0.90607214 0
vt 0.63089806 0.90606529 0
vt 0.63089842 0.90606642 0
vt 0.63086438 0.90608913 0
vt 0.63086534 0.90608919 0
vt 0.63116962 0.90581244 0
vt 0.63117206 0.90581602 0
vt 0.63117105 0.90581656 0
vt 0.6311686 0.90581244 0
vt 0.63117605 0.90582275 0
vt 0.63117504 0.90582329 0
vt 0.63116962 0.90583348 0
vt 0.631172 0.90582854 0
vt 0.63117296 0.90582913 0
vt 0.6311686 0.90583348 0
vt 0.6311751 0.90582389 0
vt 0.63117409 0.90582329 0
vt 0.63086534 0.90613866 0
vt 0.63087422 0.9061501 0
vt 0.63087338 0.90615094 0
vt 0.63086438 0.90613866 0
vt 0.63089532 0.90615833 0
vt 0.63089496 0.90615946 0
vt 0.63159466 0.90589738 0
vt 0.63158125 0.90588838 0
vt 0.61757517 0.86332935 0
vt 0.61752069 0.86332774 0
vt 0.61758143 0.86331487 0
vt 0.61752355 0.86331296 0
vt 0.61751771 0.86332691 0
vt 0.61752063 0.86331165 0
vt 0.61853659 0.86134249 0
vt 0.6185329 0.86125231 0
vt 0.61853659 0.86125243 0
vt 0.6185329 0.86134231 0
vt 0.61853647 0.86135948 0
vt 0.61853647 0.86137557 0
vt 0.61853278 0.86137486 0
vt 0.61853278 0.8613593 0
vt 0.61853278 0.86116236 0
vt 0.61853659 0.86125225 0
vt 0.61853266 0.86125231 0
vt 0.61853659 0.86116225 0
vt 0.58641189 0.88602591 0
vt 0.58641618 0.88602436 0
vt 0.58641887 0.88603073 0
vt 0.58641446 0.88603163 0
vt 0.58639103 0.88603747 0
vt 0.5863744 0.88603568 0
vt 0.58639091 0.88603365 0
vt 0.58637333 0.88603896 0
vt 0.58640742 0.88603234 0
vt 0.58640945 0.8860358 0
vt 0.58701032 0.88545859 0
vt 0.58701593 0.88545597 0
vt 0.58701599 0.88545918 0
vt 0.58700997 0.88545465 0
vt 0.58699822 0.88592696 0
vt 0.58698946 0.88592255 0
vt 0.58699554 0.88592023 0
vt 0.5869903 0.88592994 0
vt 0.58700413 0.88589418 0
vt 0.58699411 0.88589787 0
vt 0.58699661 0.88589001 0
vt 0.58699995 0.88590044 0
vt 0.58700615 0.88590813 0
vt 0.5870024 0.88590848 0
vt 0.58701462 0.88545001 0
vt 0.58700866 0.88544756 0
vt 0.58640593 0.88602716 0
vt 0.58639169 0.88602579 0
vt 0.58637673 0.88602972 0
vt 0.58700401 0.8854534 0
vt 0.58700269 0.88544512 0
vt 0.58700615 0.88592404 0
vt 0.58700097 0.88591689 0
vt 0.58700454 0.88545799 0
vt 0.58698756 0.88589633 0
vt 0.58698726 0.8858881 0
vt 0.58641529 0.88603497 0
vt 0.58641964 0.88603437 0
vt 0.84841096 0.89797449 0
vt 0.84921283 0.89722502 0
vt 0.84920532 0.89722425 0
vt 0.84838808 0.89797652 0
vt 0.84922022 0.8972258 0
vt 0.84919941 0.89779711 0
vt 0.84919184 0.89779377 0
vt 0.84918332 0.89779186 0
vt 0.1537568 0.84474045 0
vt 0.15371454 0.84473819 0
vt 0.15373245 0.84470832 0
vt 0.15373045 0.84475482 0
vt 0.15375376 0.84479511 0
vt 0.15370363 0.8448137 0
vt 0.15372708 0.84478819 0
vt 0.15371481 0.84482992 0
vt 0.15416959 0.84445834 0
vt 0.15415812 0.84447789 0
vt 0.15413472 0.84445721 0
vt 0.15413946 0.84444487 0
vt 0.15383416 0.84470487 0
vt 0.15377289 0.8446219 0
vt 0.15381941 0.84482509 0
vt 0.15373942 0.84490007 0
vt 0.15365157 0.84490681 0
vt 0.1536774 0.84483421 0
vt 0.15327904 0.84494942 0
vt 0.15330717 0.84493005 0
vt 0.15329781 0.84495652 0
vt 0.15327904 0.84491122 0
vt 0.15331572 0.84496301 0
vt 0.15333697 0.84494317 0
vt 0.15411237 0.84443367 0
vt 0.15411794 0.84442466 0
vt 0.15369633 0.84476697 0
vt 0.15370798 0.84477687 0
vt 0.15410465 0.84441924 0
vt 0.15410945 0.84441173 0
vt 0.15368584 0.84478408 0
vt 0.15369385 0.84479177 0
vt 0.15328249 0.84497148 0
vt 0.15329567 0.84497607 0
vt 0.15330884 0.84497869 0
vt 0.15329942 0.84500492 0
vt 0.15331045 0.8450008 0
vt 0.15333602 0.84427947 0
vt 0.15333226 0.84429479 0
vt 0.15332484 0.84427524 0
vt 0.15333694 0.84429657 0
vt 0.15366718 0.84481657 0
vt 0.15367153 0.84481937 0
vt 0.15329206 0.84500766 0
vt 0.15331948 0.84502727 0
vt 0.15332115 0.84502602 0
vt 0.15332246 0.84502494 0
vt 0.15333661 0.84432232 0
vt 0.15333763 0.8443228 0
vt 0.15365407 0.84484935 0
vt 0.15365297 0.84484911 0
vt 0.15416959 0.84470379 0
vt 0.15406814 0.84469819 0
vt 0.15409172 0.8446672 0
vt 0.15410835 0.84478503 0
vt 0.15415472 0.84458697 0
vt 0.15408882 0.84461474 0
vt 0.15407455 0.84451509 0
vt 0.15405041 0.8445819 0
vt 0.15398657 0.8445093 0
vt 0.15401417 0.84457767 0
vt 0.15322495 0.84470296 0
vt 0.15323207 0.84463727 0
vt 0.1532357 0.84463787 0
vt 0.15322852 0.84470379 0
vt 0.15323859 0.84451443 0
vt 0.15323499 0.84451473 0
vt 0.15322495 0.84441757 0
vt 0.15322846 0.8444165 0
vt 0.15398538 0.84450734 0
vt 0.15407428 0.84451294 0
vt 0.15332219 0.84502673 0
vt 0.15332198 0.84502691 0
vt 0.1541031 0.84438688 0
vt 0.15410405 0.8443867 0
vt 0.15410507 0.84438843 0
vt 0.15332183 0.84502697 0
vt 0.15332329 0.84502459 0
vt 0.15332237 0.84502649 0
vt 0.15404993 0.84466106 0
vt 0.15406564 0.844643 0
vt 0.15321293 0.84509838 0
vt 0.1532124 0.84512162 0
vt 0.15319058 0.84514391 0
vt 0.15319058 0.84510696 0
vt 0.15406352 0.84462273 0
vt 0.15404668 0.84460211 0
vt 0.30037561 0.94631296 0
vt 0.30037832 0.94632304 0
vt 0.30037501 0.94632399 0
vt 0.30037916 0.9463104 0
vt 0.30037916 0.94633365 0
vt 0.30037618 0.94633299 0
vt 0.3002829 0.94633132 0
vt 0.30028033 0.94632739 0
vt 0.30028361 0.94632649 0
vt 0.30028585 0.94633037 0
vt 0.30035374 0.94611108 0
vt 0.3003619 0.94610906 0
vt 0.30036214 0.94611317 0
vt 0.30035427 0.94610751 0
vt 0.30020934 0.94632238 0
vt 0.30021024 0.9463135 0
vt 0.30021149 0.94632351 0
vt 0.30020788 0.94631076 0
vt 0.30038092 0.94620335 0
vt 0.30037731 0.94621259 0
vt 0.30037731 0.94620198 0
vt 0.30038044 0.94621241 0
vt 0.30038092 0.94621843 0
vt 0.30037782 0.9462198 0
vt 0.30021504 0.94630873 0
vt 0.30021319 0.94630486 0
vt 0.30020821 0.94632292 0
vt 0.30021712 0.94633037 0
vt 0.30021659 0.94633156 0
vt 0.30021295 0.9463042 0
vt 0.30020702 0.94631046 0
vt 0.30022404 0.94633174 0
vt 0.30022454 0.94633293 0
vt 0.3003493 0.94609767 0
vt 0.30035105 0.9460876 0
vt 0.30035216 0.94608831 0
vt 0.30035055 0.94609767 0
vt 0.30014446 0.94623595 0
vt 0.3001444 0.94622922 0
vt 0.30014542 0.94622874 0
vt 0.30014542 0.94623649 0
vt 0.30035499 0.94610685 0
vt 0.30035666 0.94608444 0
vt 0.30035642 0.94608319 0
vt 0.30037341 0.94612664 0
vt 0.30036914 0.94612467 0
vt 0.30037013 0.94612408 0
vt 0.30037242 0.9461273 0
vt 0.30003679 0.94634175 0
vt 0.30003953 0.94634992 0
vt 0.30003619 0.94635051 0
vt 0.30004054 0.94633967 0
vt 0.300037 0.94635767 0
vt 0.30004054 0.9463588 0
vt 0.30037594 0.94607574 0
vt 0.30037364 0.94607192 0
vt 0.30037716 0.94607091 0
vt 0.30037951 0.94607443 0
vt 0.30029476 0.94612134 0
vt 0.30030185 0.94611984 0
vt 0.30030194 0.94612354 0
vt 0.30029547 0.94611788 0
vt 0.30036479 0.94606715 0
vt 0.30036899 0.946064 0
vt 0.30036852 0.94606823 0
vt 0.30036512 0.94606233 0
vt 0.30036819 0.94607508 0
vt 0.30036438 0.94607568 0
vt 0.30036855 0.94607991 0
vt 0.30036539 0.94608176 0
vt 0.30023721 0.94610661 0
vt 0.30024335 0.94610506 0
vt 0.30023956 0.94610929 0
vt 0.30024171 0.94610155 0
vt 0.30023721 0.94611639 0
vt 0.30024394 0.94612211 0
vt 0.3002435 0.94612336 0
vt 0.30023828 0.94611579 0
vt 0.3002415 0.94610083 0
vt 0.30023634 0.94610637 0
vt 0.30024999 0.946123 0
vt 0.30025047 0.94612414 0
vt 0.30029187 0.94611007 0
vt 0.30029324 0.9461025 0
vt 0.30029428 0.94610327 0
vt 0.30029312 0.94611013 0
vt 0.30014452 0.94624257 0
vt 0.3001444 0.94623691 0
vt 0.30014545 0.94623649 0
vt 0.30014545 0.94624323 0
vt 0.30029622 0.94611728 0
vt 0.30029827 0.94610065 0
vt 0.30029812 0.94609946 0
vt 0.30036899 0.94608068 0
vt 0.30036584 0.94608247 0
vt 0.30004165 0.94635087 0
vt 0.30004591 0.9463504 0
vt 0.30004537 0.94635141 0
vt 0.30004218 0.94634986 0
vt 0.13728198 0.8372761 0
vt 0.13728596 0.83727622 0
vt 0.13728164 0.83727735 0
vt 0.1372821 0.83727276 0
vt 0.13728638 0.83727294 0
vt 0.13731913 0.83727753 0
vt 0.13731588 0.83728051 0
vt 0.13731588 0.83727813 0
vt 0.13731636 0.83728105 0
vt 0.13727947 0.83727282 0
vt 0.13727865 0.83727592 0
vt 0.13727784 0.83727479 0
vt 0.1372757 0.83727592 0
vt 0.13731906 0.83727574 0
vt 0.13731624 0.83727193 0
vt 0.13731907 0.83727181 0
vt 0.13731608 0.83727604 0
vt 0.13727975 0.83727759 0
vt 0.13731602 0.83726829 0
vt 0.13731903 0.8372671 0
vt 0.13728932 0.83727306 0
vt 0.13728911 0.8372764 0
vt 0.13731372 0.83727151 0
vt 0.13731354 0.83726835 0
vt 0.13731405 0.83727574 0
vt 0.1373136 0.83727771 0
vt 0.13734382 0.83726925 0
vt 0.13734519 0.83726895 0
vt 0.13734542 0.83726972 0
vt 0.13734366 0.83726984 0
vt 0.13734685 0.83726883 0
vt 0.13734731 0.83726966 0
vt 0.13731588 0.8372817 0
vt 0.13731496 0.83728164 0
vt 0.13727579 0.83727652 0
vt 0.13734089 0.83725441 0
vt 0.13734366 0.83725405 0
vt 0.13734162 0.83725482 0
vt 0.13734014 0.83725458 0
vt 0.13733874 0.83725369 0
vt 0.13734512 0.8372677 0
vt 0.13734372 0.83726799 0
vt 0.13734661 0.83726746 0
vt 0.13731413 0.83727944 0
vt 0.13731375 0.83728129 0
vt 0.13727835 0.83727741 0
vt 0.13727602 0.83727771 0
vt 0.13731006 0.83727998 0
vt 0.1373096 0.83728141 0
vt 0.13734497 0.83726215 0
vt 0.13734624 0.83726209 0
vt 0.13734385 0.83726227 0
vt 0.1372766 0.83728302 0
vt 0.13727804 0.83728284 0
vt 0.13734122 0.83726084 0
vt 0.13733998 0.8372609 0
vt 0.13730989 0.83727735 0
vt 0.13731389 0.83727813 0
vt 0.13727805 0.83728504 0
vt 0.13727655 0.83728415 0
vt 0.13727804 0.83728391 0
vt 0.13727657 0.83728534 0
vt 0.13734528 0.83725959 0
vt 0.13734512 0.83726096 0
vt 0.13734402 0.83725977 0
vt 0.13734394 0.83726108 0
vt 0.13734138 0.83726203 0
vt 0.13734017 0.83726346 0
vt 0.13734011 0.83726203 0
vt 0.13734144 0.83726352 0
vt 0.13730812 0.83728021 0
vt 0.13730887 0.83728147 0
vt 0.13730805 0.83728141 0
vt 0.13730907 0.83728009 0
vt 0.13734666 0.83725959 0
vt 0.13734646 0.8372609 0
vt 0.13734262 0.8372637 0
vt 0.13734254 0.83726221 0
vt 0.13734159 0.83726931 0
vt 0.13734272 0.83726913 0
vt 0.1373046 0.83728051 0
vt 0.13730438 0.83728135 0
vt 0.13734643 0.83725375 0
vt 0.13734731 0.83725393 0
vt 0.13734366 0.83726925 0
vt 0.13727739 0.83729154 0
vt 0.13727646 0.83729154 0
vt 0.13734555 0.83725369 0
vt 0.13734241 0.83726096 0
vt 0.13730907 0.83727723 0
vt 0.13730478 0.83727717 0
vt 0.13730806 0.83727723 0
vt 0.13728072 0.83728421 0
vt 0.13728057 0.83728307 0
vt 0.13728087 0.83729142 0
vt 0.13728078 0.83728552 0
vt 0.13727939 0.83727735 0
vt 0.13734286 0.83725584 0
vt 0.13733873 0.83725536 0
vt 0.13851739 0.63938892 0
vt 0.13849546 0.63938326 0
vt 0.13729249 0.8372733 0
vt 0.13729136 0.8372764 0
vt 0.13729133 0.83727324 0
vt 0.13729264 0.83727646 0
vt 0.13731878 0.83726466 0
vt 0.13731533 0.83726442 0
vt 0.13731864 0.83726323 0
vt 0.13731559 0.83726579 0
vt 0.13729788 0.83727407 0
vt 0.13729276 0.83727938 0
vt 0.13729788 0.83727717 0
vt 0.13729805 0.83728015 0
vt 0.13731401 0.83725917 0
vt 0.13731821 0.8372584 0
vt 0.1373025 0.83727437 0
vt 0.13730252 0.83727759 0
vt 0.1373028 0.83727288 0
vt 0.13730262 0.83728075 0
vt 0.13731313 0.83725464 0
vt 0.13731742 0.83725369 0
vt 0.13730167 0.8372972 0
vt 0.13730167 0.83730185 0
vt 0.13730145 0.8372972 0
vt 0.13730143 0.83730191 0
vt 0.13730179 0.83729154 0
vt 0.13730162 0.83729327 0
vt 0.13730158 0.83729154 0
vt 0.13730142 0.83729321 0
vt 0.1373028 0.83728051 0
vt 0.1373035 0.83727717 0
vt 0.13730307 0.83728051 0
vt 0.13730328 0.837277 0
vt 0.1373042 0.83728117 0
vt 0.13730438 0.83728051 0
vt 0.13730367 0.8372817 0
vt 0.13730368 0.83728141 0
vt 0.13730454 0.83727723 0
vt 0.1373032 0.83728129 0
vt 0.13730301 0.83728147 0
vt 0.1373041 0.83727604 0
vt 0.13730405 0.83727628 0
vt 0.13729136 0.83727908 0
vt 0.13730218 0.83731067 0
vt 0.13730192 0.83731067 0
vt 0.137302 0.83730936 0
vt 0.13732785 0.83731991 0
vt 0.13732812 0.83732456 0
vt 0.13732758 0.83731973 0
vt 0.13732837 0.83732438 0
vt 0.13733059 0.83731818 0
vt 0.13733073 0.83731842 0
vt 0.13733199 0.83731747 0
vt 0.1373321 0.83731776 0
vt 0.13733198 0.83732671 0
vt 0.1373321 0.83732647 0
vt 0.13730192 0.83731544 0
vt 0.13730218 0.83731544 0
vt 0.13845016 0.63946837 0
vt 0.13843973 0.63951749 0
vt 0.1384726 0.63952577 0
vt 0.13843568 0.63953805 0
vt 0.13846163 0.63941002 0
vt 0.13730164 0.83730435 0
vt 0.13730192 0.83730441 0
vt 0.37090367 0.90267777 0
vt 0.37092048 0.90265512 0
vt 0.37097883 0.90268272 0
vt 0.37096244 0.90267348 0
vt 0.37097883 0.90265203 0
vt 0.37090063 0.90266073 0
vt 0.37091756 0.90264678 0
vt 0.37090456 0.90264452 0
vt 0.37096345 0.9026624 0
vt 0.37094697 0.90267426 0
vt 0.37095389 0.90266132 0
vt 0.37095222 0.90267897 0
vt 0.37093189 0.90263569 0
vt 0.37091389 0.90263975 0
vt 0.37092537 0.90263337 0
vt 0.37095845 0.90264583 0
vt 0.37096825 0.90264821 0
vt 0.37095985 0.90271676 0
vt 0.37094945 0.90273106 0
vt 0.37094697 0.90271789 0
vt 0.37095994 0.90272987 0
vt 0.37095267 0.90274429 0
vt 0.37096477 0.90273982 0
vt 0.37097314 0.90263885 0
vt 0.37096092 0.90263337 0
vt 0.37096477 0.9027034 0
vt 0.37097859 0.90264583 0
vt 0.36339018 0.85772485 0
vt 0.36332694 0.85782552 0
vt 0.36258173 0.85753709 0
vt 0.36266479 0.8575772 0
vt 0.3626233 0.85762596 0
vt 0.36257783 0.85754329 0
vt 0.36342892 0.85777724 0
vt 0.36338997 0.85782135 0
vt 0.36341164 0.85772258 0
vt 0.36212984 0.8579253 0
vt 0.36216903 0.85792935 0
vt 0.3621386 0.85796547 0
vt 0.36216676 0.85795647 0
vt 0.36212289 0.85782176 0
vt 0.36217239 0.8577708 0
vt 0.36217239 0.85779983 0
vt 0.36209744 0.8577913 0
vt 0.36211118 0.85795468 0
vt 0.36211237 0.85796118 0
vt 0.36213288 0.85787159 0
vt 0.36217019 0.85786283 0
vt 0.3634361 0.85764384 0
vt 0.36374375 0.85791683 0
vt 0.36369678 0.85785949 0
vt 0.36374548 0.85786557 0
vt 0.36368635 0.85791248 0
vt 0.36370641 0.85781211 0
vt 0.36376113 0.85782999 0
vt 0.36376113 0.85797232 0
vt 0.36265472 0.85763031 0
vt 0.36268061 0.8575843 0
vt 0.3710306 0.90251791 0
vt 0.3710326 0.9025178 0
vt 0.37135378 0.90248191 0
vt 0.37135458 0.90248013 0
vt 0.37118927 0.9027108 0
vt 0.37120029 0.90270042 0
vt 0.37119061 0.90271139 0
vt 0.37119856 0.90270025 0
vt 0.37134001 0.9026475 0
vt 0.37133649 0.9026466 0
vt 0.3713384 0.90264666 0
vt 0.37103102 0.90253347 0
vt 0.37103298 0.90253341 0
vt 0.37135485 0.90251648 0
vt 0.37135315 0.90251553 0
vt 0.37135661 0.90248722 0
vt 0.37135848 0.9024868 0
vt 0.37119737 0.90269089 0
vt 0.37119579 0.90269184 0
vt 0.37135658 0.90250039 0
vt 0.37135848 0.90250087 0
vt 0.3713522 0.90262949 0
vt 0.37135047 0.9026289 0
vt 0.37135452 0.90262645 0
vt 0.37135327 0.90262556 0
vt 0.37103236 0.9026196 0
vt 0.37103048 0.90262771 0
vt 0.37103042 0.9026202 0
vt 0.37103236 0.90262806 0
vt 0.13729934 0.83731484 0
vt 0.13729945 0.83731025 0
vt 0.13730191 0.83730936 0
vt 0.13730176 0.83730572 0
vt 0.13729994 0.83730501 0
vt 0.13729483 0.83731443 0
vt 0.13729523 0.83730978 0
vt 0.13733923 0.83731347 0
vt 0.13734379 0.8373149 0
vt 0.13733922 0.83731556 0
vt 0.13734387 0.83731282 0
vt 0.13734408 0.83731592 0
vt 0.13729541 0.83730453 0
vt 0.13733402 0.83731425 0
vt 0.13733381 0.83731616 0
vt 0.13847445 0.63931757 0
vt 0.13846757 0.63936299 0
vt 0.13730207 0.83730584 0
vt 0.40421331 0.89841813 0
vt 0.40421343 0.89841735 0
vt 0.84237128 0.89715844 0
vt 0.84237528 0.89721137 0
vt 0.13844283 0.63923949 0
vt 0.13841717 0.63930345 0
vt 0.13840906 0.6392374 0
vt 0.13843556 0.6393072 0
vt 0.13847546 0.63879138 0
vt 0.13852103 0.63884598 0
vt 0.13847519 0.63882661 0
vt 0.13851981 0.63879406 0
vt 0.13848351 0.63930684 0
vt 0.1384985 0.63924056 0
vt 0.13825111 0.6395216 0
vt 0.13819869 0.63958842 0
vt 0.13820042 0.63952059 0
vt 0.13826101 0.6395852 0
vt 0.13847111 0.63889605 0
vt 0.13844584 0.63894165 0
vt 0.13845344 0.63887829 0
vt 0.13847072 0.63895112 0
vt 0.13843937 0.63898247 0
vt 0.1384602 0.63902217 0
vt 0.13826312 0.63962644 0
vt 0.13818909 0.63962644 0
vt 0.13846813 0.63935852 0
vt 0.13843022 0.63936728 0
vt 0.13850586 0.63902366 0
vt 0.13850348 0.63896126 0
vt 0.13852011 0.63896459 0
vt 0.13847207 0.63902313 0
vt 0.13849558 0.63933909 0
vt 0.13849457 0.63930088 0
vt 0.13851695 0.63889778 0
vt 0.13821782 0.63942277 0
vt 0.138258 0.63946819 0
vt 0.13820155 0.63946158 0
vt 0.13826294 0.6394369 0
vt 0.13817801 0.63959593 0
vt 0.13816996 0.63952851 0
vt 0.13845058 0.63879299 0
vt 0.13848524 0.6387521 0
vt 0.13847612 0.63874733 0
vt 0.13849948 0.63875359 0
vt 0.13817246 0.63946676 0
vt 0.13817994 0.63942868 0
vt 0.13841121 0.63918537 0
vt 0.13845004 0.63914114 0
vt 0.13844593 0.63918358 0
vt 0.13841595 0.63913405 0
vt 0.13850047 0.63917875 0
vt 0.13849352 0.63913977 0
vt 0.13845237 0.63882452 0
vt 0.59270537 0.66989249 0
vt 0.59270537 0.66991049 0
vt 0.59269404 0.66989434 0
vt 0.59269249 0.66991103 0
vt 0.59234393 0.66991645 0
vt 0.59235698 0.6699034 0
vt 0.59235686 0.6699152 0
vt 0.59234297 0.66990387 0
vt 0.13822843 0.63938808 0
vt 0.13821803 0.63938731 0
vt 0.13841049 0.63968074 0
vt 0.13844468 0.63965118 0
vt 0.13844468 0.63970697 0
vt 0.13840906 0.63969833 0
vt 0.13846307 0.63909763 0
vt 0.13847943 0.63909727 0
vt 0.13824697 0.63938898 0
vt 0.59299821 0.66895068 0
vt 0.59298104 0.66899103 0
vt 0.59298497 0.66894913 0
vt 0.59299821 0.66899133 0
vt 0.59297174 0.6685406 0
vt 0.5929836 0.66856313 0
vt 0.59297174 0.66856313 0
vt 0.5929842 0.66853982 0
vt 0.59235603 0.66988838 0
vt 0.59234244 0.66988766 0
vt 0.5923447 0.66987824 0
vt 0.59235698 0.66988009 0
vt 0.59270471 0.66988248 0
vt 0.59269297 0.66988349 0
vt 0.59295833 0.669052 0
vt 0.59296554 0.66903222 0
vt 0.59297508 0.66905689 0
vt 0.59297752 0.66902667 0
vt 0.59299111 0.66903746 0
vt 0.5929907 0.66906589 0
vt 0.59295321 0.66913551 0
vt 0.5929513 0.66909742 0
vt 0.59297204 0.66910779 0
vt 0.59297502 0.66915435 0
vt 0.59298688 0.66892624 0
vt 0.59299248 0.66892487 0
vt 0.59298128 0.66917461 0
vt 0.59297454 0.66917443 0
vt 0.5929898 0.66915131 0
vt 0.59297794 0.66936255 0
vt 0.59296852 0.66939074 0
vt 0.5929665 0.66936338 0
vt 0.59298819 0.66938657 0
vt 0.5926199 0.66965121 0
vt 0.59263241 0.66968846 0
vt 0.59261626 0.6696946 0
vt 0.59264427 0.66964895 0
vt 0.59296864 0.66896254 0
vt 0.59296316 0.6689949 0
vt 0.5929907 0.66910714 0
vt 0.5929907 0.66909462 0
vt 0.59166658 0.66983926 0
vt 0.59165758 0.66987294 0
vt 0.59164524 0.66983932 0
vt 0.59166831 0.66986382 0
vt 0.59164631 0.66987455 0
vt 0.59295249 0.66908956 0
vt 0.84164864 0.89999026 0
vt 0.84163505 0.90003002 0
vt 0.84160608 0.89998233 0
vt 0.84158474 0.90002882 0
vt 0.84164011 0.89992571 0
vt 0.8416695 0.89993292 0
vt 0.84833324 0.89797592 0
vt 0.84833264 0.8979851 0
vt 0.84832519 0.89797997 0
vt 0.84832299 0.8979739 0
vt 0.84832597 0.89799613 0
vt 0.84833193 0.89799726 0
vt 0.8491708 0.89782083 0
vt 0.84917808 0.89782399 0
vt 0.84916735 0.89781034 0
vt 0.84919447 0.89722931 0
vt 0.84918642 0.89725047 0
vt 0.84918445 0.89722943 0
vt 0.84832692 0.89801872 0
vt 0.84831989 0.89799702 0
vt 0.84832323 0.89799654 0
vt 0.84829831 0.89801401 0
vt 0.84829503 0.89799315 0
vt 0.84831589 0.8980217 0
vt 0.84830463 0.89801776 0
vt 0.84831631 0.89801931 0
vt 0.84830415 0.89801943 0
vt 0.84831929 0.8979817 0
vt 0.84829688 0.8979727 0
vt 0.84829479 0.89797986 0
vt 0.84134799 0.89981955 0
vt 0.84132075 0.89983803 0
vt 0.84918773 0.89725351 0
vt 0.84920222 0.89725196 0
vt 0.84890229 0.89800704 0
vt 0.84892583 0.89799869 0
vt 0.84890568 0.8980087 0
vt 0.84892511 0.89799643 0
vt 0.84889185 0.89802897 0
vt 0.8488996 0.89802372 0
vt 0.84137452 0.89978486 0
vt 0.8491888 0.89727151 0
vt 0.84920239 0.89727134 0
vt 0.84898072 0.89808321 0
vt 0.8489846 0.89807194 0
vt 0.84899569 0.89808321 0
vt 0.84899092 0.89806354 0
vt 0.84233737 0.89720875 0
vt 0.84233856 0.89716357 0
vt 0.84917963 0.89727294 0
vt 0.84917319 0.89725947 0
vt 0.13734534 0.83730978 0
vt 0.13734646 0.83730382 0
vt 0.13734703 0.83731014 0
vt 0.13734545 0.83730382 0
vt 0.13734441 0.8373093 0
vt 0.13734479 0.8373037 0
vt 0.1382807 0.63950378 0
vt 0.13825573 0.63949174 0
vt 0.13826345 0.63953686 0
vt 0.13844301 0.63921058 0
vt 0.13850148 0.63921022 0
vt 0.13841079 0.6392107 0
vt 0.13816841 0.63949805 0
vt 0.13819413 0.63949353 0
vt 0.13846608 0.63886267 0
vt 0.13851954 0.63887113 0
vt 0.1384526 0.63884819 0
vt 0.59256041 0.66980934 0
vt 0.59257251 0.66984826 0
vt 0.59255815 0.66984951 0
vt 0.59257358 0.66981024 0
vt 0.59294498 0.66877741 0
vt 0.59293675 0.66881675 0
vt 0.59293687 0.66877842 0
vt 0.59294361 0.66881764 0
vt 0.5925861 0.66984689 0
vt 0.59258896 0.66981179 0
vt 0.32016695 0.65136236 0
vt 0.32016939 0.65136248 0
vt 0.32016695 0.65136248 0
vt 0.32016945 0.65136248 0
vt 0.32018286 0.65138417 0
vt 0.32018298 0.6513831 0
vt 0.32018298 0.65138417 0
vt 0.32018286 0.6513831 0
vt 0.5929088 0.66877818 0
vt 0.59288216 0.66880596 0
vt 0.59288061 0.66877753 0
vt 0.59290129 0.66881472 0
vt 0.5929119 0.66881555 0
vt 0.8622486 0.85792947 0
vt 0.86223429 0.85795671 0
vt 0.86223364 0.85793012 0
vt 0.86225259 0.85795587 0
vt 0.86071742 0.85910052 0
vt 0.8607294 0.85913026 0
vt 0.8607133 0.85913289 0
vt 0.8607288 0.85909933 0
vt 0.86163288 0.85796595 0
vt 0.86163646 0.8579334 0
vt 0.86166197 0.85793507 0
vt 0.86161625 0.8579579 0
vt 0.86168551 0.85796559 0
vt 0.86166036 0.85796624 0
vt 0.86168361 0.85793251 0
vt 0.86201251 0.85852617 0
vt 0.86203229 0.85855806 0
vt 0.86200982 0.8585546 0
vt 0.86199284 0.85852754 0
vt 0.8620339 0.85852712 0
vt 0.86205584 0.85856044 0
vt 0.86206377 0.85852474 0
vt 0.86164743 0.85791719 0
vt 0.86166286 0.85791928 0
vt 0.86223567 0.85797191 0
vt 0.86225057 0.85796762 0
vt 0.86203241 0.85857034 0
vt 0.86205602 0.85857052 0
vt 0.86201692 0.85856789 0
vt 0.86167824 0.85791785 0
vt 0.86072868 0.85914224 0
vt 0.86071104 0.85914248 0
vt 0.86071771 0.85907573 0
vt 0.86072898 0.85907364 0
vt 0.86168534 0.85799259 0
vt 0.86165982 0.85799557 0
vt 0.86203843 0.85849428 0
vt 0.86201388 0.85848832 0
vt 0.86200023 0.85850722 0
vt 0.86198533 0.85851043 0
vt 0.86162007 0.85797858 0
vt 0.861606 0.85797149 0
vt 0.86224836 0.85791582 0
vt 0.86223626 0.85791612 0
vt 0.86198956 0.85849428 0
vt 0.86198014 0.85849607 0
vt 0.86160797 0.85798717 0
vt 0.86159921 0.85798371 0
vt 0.86224419 0.85790563 0
vt 0.86225259 0.85790539 0
vt 0.86071455 0.8590551 0
vt 0.86072201 0.85903591 0
vt 0.86072689 0.85905302 0
vt 0.86071068 0.85903752 0
vt 0.86168551 0.85801381 0
vt 0.86165911 0.85801899 0
vt 0.86201298 0.85846382 0
vt 0.86204141 0.85847056 0
vt 0.86222887 0.85834485 0
vt 0.86222875 0.85832518 0
vt 0.86224252 0.85832679 0
vt 0.86224812 0.85834903 0
vt 0.86224258 0.85831338 0
vt 0.86222941 0.85831165 0
vt 0.86052555 0.8592236 0
vt 0.86054373 0.85919917 0
vt 0.86054134 0.8592205 0
vt 0.86052454 0.8592068 0
vt 0.86053318 0.85923767 0
vt 0.86054373 0.859236 0
vt 0.86154628 0.85803705 0
vt 0.86153752 0.85804772 0
vt 0.86153758 0.85803902 0
vt 0.86154664 0.85804772 0
vt 0.8607294 0.85900801 0
vt 0.86071682 0.85901046 0
vt 0.8622362 0.85829931 0
vt 0.86224604 0.85827315 0
vt 0.86224812 0.85830188 0
vt 0.86223328 0.85827017 0
vt 0.86201286 0.85844481 0
vt 0.86204296 0.85843778 0
vt 0.86168367 0.85803002 0
vt 0.86165631 0.85805041 0
vt 0.86206871 0.85845953 0
vt 0.86206913 0.85847712 0
vt 0.86162621 0.85804039 0
vt 0.86162752 0.8580218 0
vt 0.86206681 0.85849851 0
vt 0.86163086 0.85799778 0
vt 0.84832251 0.89798075 0
vt 0.63118774 0.90549588 0
vt 0.84885108 0.89781576 0
vt 0.84885389 0.89781857 0
vt 0.8488515 0.89781988 0
vt 0.84885448 0.89780903 0
vt 0.84885657 0.89781463 0
vt 0.84885633 0.89781988 0
vt 0.84917831 0.89724809 0
vt 0.84917712 0.89723969 0
vt 0.84916961 0.89725673 0
vt 0.84917068 0.89725083 0
vt 0.84916639 0.89722848 0
vt 0.84916973 0.89723921 0
vt 0.8483057 0.89802754 0
vt 0.84831917 0.89802969 0
vt 0.84917498 0.89725077 0
vt 0.84917533 0.89723766 0
vt 0.84885335 0.89783406 0
vt 0.84885108 0.89782274 0
vt 0.84885502 0.89783245 0
vt 0.84885502 0.89781988 0
vt 0.84036809 0.89908785 0
vt 0.84035176 0.89912313 0
vt 0.84036207 0.89908624 0
vt 0.84036809 0.89913112 0
vt 0.34707746 0.57533407 0
vt 0.34706911 0.57538128 0
vt 0.34707227 0.57533693 0
vt 0.34707382 0.57538533 0
vt 0.35261399 0.59708679 0
vt 0.35263506 0.59707552 0
vt 0.3526144 0.59709066 0
vt 0.3526319 0.59707367 0
vt 0.3526319 0.59704626 0
vt 0.352608 0.59703237 0
vt 0.35263506 0.59704387 0
vt 0.35260847 0.5970363 0
vt 0.34704107 0.57531393 0
vt 0.34704143 0.57530749 0
vt 0.3525908 0.59707987 0
vt 0.35258764 0.59708261 0
vt 0.34699929 0.5753262 0
vt 0.34700456 0.57533014 0
vt 0.35263041 0.59730721 0
vt 0.35263062 0.59729052 0
vt 0.35264581 0.59730881 0
vt 0.35264626 0.59728897 0
vt 0.35240981 0.59717667 0
vt 0.35239914 0.59715855 0
vt 0.35241565 0.59716016 0
vt 0.35239175 0.59717667 0
vt 0.35241023 0.59720236 0
vt 0.35239157 0.59720391 0
vt 0.3526299 0.5972563 0
vt 0.35264626 0.59725374 0
vt 0.35239848 0.59722388 0
vt 0.35241565 0.59722149 0
vt 0.35222444 0.59730625 0
vt 0.35224006 0.59727728 0
vt 0.35223976 0.59730625 0
vt 0.35222307 0.59727514 0
vt 0.34699929 0.57537436 0
vt 0.34700456 0.5753718 0
vt 0.35258782 0.59705019 0
vt 0.35258418 0.5970484 0
vt 0.3470321 0.57539231 0
vt 0.34703106 0.57539797 0
vt 0.35166579 0.5972752 0
vt 0.35166231 0.59730363 0
vt 0.35166225 0.59727764 0
vt 0.35166579 0.59730673 0
vt 0.35261559 0.5968858 0
vt 0.35263202 0.5969032 0
vt 0.35261407 0.59689057 0
vt 0.35263738 0.59690058 0
vt 0.35161483 0.5972774 0
vt 0.35163924 0.59726381 0
vt 0.35162023 0.59728026 0
vt 0.35164025 0.59726864 0
vt 0.35263738 0.59693325 0
vt 0.35260919 0.5969463 0
vt 0.35263208 0.59693027 0
vt 0.35260874 0.59694052 0
vt 0.35161886 0.59731245 0
vt 0.35162383 0.59730899 0
vt 0.35259077 0.59689772 0
vt 0.35258713 0.59689486 0
vt 0.35264382 0.5961858 0
vt 0.35264203 0.59620011 0
vt 0.35262796 0.59618419 0
vt 0.35262585 0.59620166 0
vt 0.35263699 0.59633136 0
vt 0.35262412 0.59631407 0
vt 0.35264117 0.59631592 0
vt 0.35261837 0.59633112 0
vt 0.35263783 0.59635675 0
vt 0.35261855 0.59635818 0
vt 0.35264382 0.59623516 0
vt 0.35262686 0.59623778 0
vt 0.35262337 0.59637874 0
vt 0.35264117 0.59637642 0
vt 0.35220563 0.59730399 0
vt 0.35220742 0.5972755 0
vt 0.35222307 0.59730577 0
vt 0.35258418 0.59693074 0
vt 0.35258809 0.59692717 0
vt 0.35164496 0.59732068 0
vt 0.3516452 0.59731549 0
vt 0.35254693 0.59621119 0
vt 0.35256022 0.59619319 0
vt 0.35255116 0.59621119 0
vt 0.35256264 0.59619582 0
vt 0.35258195 0.59623724 0
vt 0.35255986 0.59623373 0
vt 0.35258159 0.59623396 0
vt 0.35255685 0.59623724 0
vt 0.35242426 0.59689903 0
vt 0.35240564 0.59688401 0
vt 0.35242555 0.59689534 0
vt 0.3524012 0.59688556 0
vt 0.35240933 0.5968554 0
vt 0.35240552 0.59685266 0
vt 0.3525829 0.59619176 0
vt 0.35258263 0.59619451 0
vt 0.35247672 0.59731054 0
vt 0.35247576 0.59729826 0
vt 0.35249531 0.59731019 0
vt 0.352494 0.59729648 0
vt 0.35262465 0.59625685 0
vt 0.35263994 0.59627247 0
vt 0.35261837 0.59627175 0
vt 0.35264418 0.59625936 0
vt 0.3526186 0.59629583 0
vt 0.35264087 0.59629464 0
vt 0.35262296 0.59625095 0
vt 0.35260448 0.59621984 0
vt 0.35262296 0.59621894 0
vt 0.35260364 0.59625298 0
vt 0.35262382 0.59631407 0
vt 0.35264418 0.59631181 0
vt 0.35249531 0.5972718 0
vt 0.35247481 0.59727132 0
vt 0.35195905 0.596892 0
vt 0.35195905 0.59692234 0
vt 0.35195485 0.59689415 0
vt 0.35195482 0.59692049 0
vt 0.35243082 0.59684902 0
vt 0.3524299 0.59684575 0
vt 0.35155803 0.59693009 0
vt 0.35155851 0.59691185 0
vt 0.35156226 0.59693277 0
vt 0.35156226 0.59691167 0
vt 0.35244963 0.59688902 0
vt 0.35244748 0.59688628 0
vt 0.35244963 0.59685946 0
vt 0.35244781 0.59686065 0
vt 0.3515563 0.59690952 0
vt 0.35155448 0.59693092 0
vt 0.35155204 0.59691036 0
vt 0.3515563 0.59693342 0
vt 0.59298682 0.66932207 0
vt 0.59296322 0.66933477 0
vt 0.59298551 0.66931748 0
vt 0.59298187 0.66892278 0
vt 0.59298915 0.66932344 0
vt 0.5926401 0.66971529 0
vt 0.59263647 0.66972178 0
vt 0.5929932 0.66931766 0
vt 0.59299225 0.66931522 0
vt 0.59299439 0.66931939 0
vt 0.59298635 0.66891646 0
vt 0.59298426 0.66892081 0
vt 0.59298348 0.66891706 0
vt 0.59298688 0.66892189 0
vt 0.5929901 0.66892117 0
vt 0.59299034 0.66891629 0
vt 0.59248734 0.66901743 0
vt 0.5924927 0.66901416 0
vt 0.5924927 0.66902053 0
vt 0.59248829 0.66901475 0
vt 0.59264427 0.66971952 0
vt 0.59264284 0.66972423 0
vt 0.59299207 0.66931212 0
vt 0.59298533 0.6693123 0
vt 0.59294558 0.6698752 0
vt 0.59296131 0.66989416 0
vt 0.59294373 0.66989231 0
vt 0.59296495 0.66987711 0
vt 0.59294707 0.66990972 0
vt 0.59296495 0.66991019 0
vt 0.3201291 0.65145439 0
vt 0.32012963 0.65145284 0
vt 0.32012987 0.65145445 0
vt 0.32012886 0.65145278 0
vt 0.32018065 0.65140563 0
vt 0.3201828 0.65140587 0
vt 0.32018065 0.65140575 0
vt 0.3201828 0.65140581 0
vt 0.32016903 0.65135974 0
vt 0.32016969 0.65136105 0
vt 0.32016891 0.65135986 0
vt 0.32016957 0.65136111 0
vt 0.32012904 0.65145117 0
vt 0.32012987 0.65145129 0
vt 0.32018268 0.65140849 0
vt 0.32018095 0.65140933 0
vt 0.32018095 0.65140891 0
vt 0.32018316 0.65140897 0
vt 0.32015646 0.65145153 0
vt 0.32015562 0.65145355 0
vt 0.32015538 0.65145141 0
vt 0.32015646 0.65145403 0
vt 0.32018262 0.65140849 0
vt 0.32018095 0.65140885 0
vt 0.32016683 0.6513595 0
vt 0.32016683 0.65135962 0
vt 0.3201794 0.65138263 0
vt 0.32017946 0.65138334 0
vt 0.32017934 0.65138334 0
vt 0.32017952 0.65138263 0
vt 0.32018316 0.65140694 0
vt 0.3201831 0.65140694 0
vt 0.59182 0.66985935 0
vt 0.59184146 0.66986334 0
vt 0.59182811 0.66987324 0
vt 0.59183943 0.66985005 0
vt 0.59186959 0.66986036 0
vt 0.59185976 0.66988707 0
vt 0.59185803 0.6698643 0
vt 0.59186959 0.66989297 0
vt 0.59184808 0.66990656 0
vt 0.59183276 0.66989154 0
vt 0.591847 0.66989529 0
vt 0.59182358 0.66990083 0
vt 0.59186482 0.6698513 0
vt 0.59181535 0.66987681 0
vt 0.59255224 0.669873 0
vt 0.59255093 0.6698485 0
vt 0.59253764 0.66987365 0
vt 0.59167153 0.66990173 0
vt 0.59168363 0.66987568 0
vt 0.59168839 0.66990054 0
vt 0.59167308 0.6698786 0
vt 0.59165072 0.66989774 0
vt 0.59163529 0.66990173 0
vt 0.59291327 0.66884083 0
vt 0.59294498 0.66884351 0
vt 0.59257746 0.66987324 0
vt 0.59259498 0.66987365 0
vt 0.59290326 0.66884011 0
vt 0.12273958 0.60527998 0
vt 0.12317181 0.60497361 0
vt 0.12273061 0.60535002 0
vt 0.061840229 0.70792669 0
vt 0.061641913 0.70778877 0
vt 0.061691508 0.70777637 0
vt 0.061857764 0.7079016 0
vt 0.061713364 0.70748228 0
vt 0.061654214 0.70746702 0
vt 0.13844262 0.63902366 0
vt 0.061857764 0.70740211 0
vt 0.061781626 0.70746219 0
vt 0.13815837 0.63959789 0
vt 0.13815637 0.63967323 0
vt 0.13881116 0.63921374 0
vt 0.1388099 0.63921481 0
vt 0.13733505 0.83728117 0
vt 0.13733406 0.83727598 0
vt 0.13733505 0.83727556 0
vt 0.13733402 0.83728147 0
vt 0.13730615 0.83727974 0
vt 0.13730663 0.83727717 0
vt 0.13734677 0.83732504 0
vt 0.13734777 0.83733064 0
vt 0.13734698 0.8373307 0
vt 0.13734777 0.83732474 0
vt 0.13733134 0.83727592 0
vt 0.13733082 0.83728123 0
vt 0.13730726 0.83727908 0
vt 0.13730794 0.83727741 0
vt 0.1373079 0.83728015 0
vt 0.13730726 0.83727658 0
vt 0.63155365 0.90614265 0
vt 0.63153547 0.9061411 0
vt 0.63154566 0.90613639 0
vt 0.63155484 0.90616572 0
vt 0.63154322 0.90613061 0
vt 0.63153249 0.90612417 0
vt 0.63154328 0.90612459 0
vt 0.63155484 0.90612799 0
vt 0.63154882 0.90612906 0
vt 0.63155478 0.90612435 0
vt 0.63154817 0.90612429 0
vt 0.63153905 0.90616226 0
vt 0.63151783 0.90613902 0
vt 0.63151437 0.90612346 0
vt 0.63160336 0.90560645 0
vt 0.63159102 0.90559065 0
vt 0.63160336 0.9055779 0
vt 0.631594 0.90561932 0
vt 0.63157809 0.90584278 0
vt 0.63159508 0.90584832 0
vt 0.63087285 0.90610617 0
vt 0.63086486 0.90609354 0
vt 0.6308735 0.90610534 0
vt 0.63086581 0.90609312 0
vt 0.63089806 0.9061141 0
vt 0.63089842 0.90611303 0
vt 0.63117206 0.90580875 0
vt 0.63117105 0.90580821 0
vt 0.63117605 0.90580237 0
vt 0.63117504 0.90580183 0
vt 0.631172 0.90583861 0
vt 0.63117296 0.90583801 0
vt 0.63117409 0.90584463 0
vt 0.6311751 0.90584409 0
vt 0.63087338 0.90612584 0
vt 0.63087422 0.90612668 0
vt 0.63089496 0.9061141 0
vt 0.63089532 0.90611523 0
vt 0.63092417 0.90564561 0
vt 0.63092417 0.90562975 0
vt 0.63092536 0.90564561 0
vt 0.63092536 0.90562963 0
vt 0.61853325 0.8625055 0
vt 0.61853325 0.86259305 0
vt 0.61851865 0.86259449 0
vt 0.61851919 0.86250889 0
vt 0.61853337 0.86139131 0
vt 0.61853337 0.86137581 0
vt 0.61853647 0.86139053 0
vt 0.61852682 0.86142325 0
vt 0.61853027 0.86133295 0
vt 0.61853027 0.86142349 0
vt 0.61852682 0.86133265 0
vt 0.61853278 0.86134285 0
vt 0.61853659 0.8613584 0
vt 0.61853069 0.86124277 0
vt 0.61852694 0.86124277 0
vt 0.61853069 0.86133265 0
vt 0.58633983 0.88604867 0
vt 0.58633471 0.88603884 0
vt 0.58634132 0.88604027 0
vt 0.58633399 0.88604665 0
vt 0.5869751 0.88545406 0
vt 0.58698702 0.88545597 0
vt 0.58697528 0.88545775 0
vt 0.58698791 0.88545918 0
vt 0.58633351 0.88605708 0
vt 0.58632964 0.88607073 0
vt 0.58633 0.88605505 0
vt 0.58633339 0.88607067 0
vt 0.58699614 0.88545859 0
vt 0.58699554 0.88545465 0
vt 0.58698279 0.88592827 0
vt 0.58698344 0.88592124 0
vt 0.58697236 0.88589674 0
vt 0.58698177 0.88589883 0
vt 0.58697665 0.88590235 0
vt 0.58697879 0.88589144 0
vt 0.58697188 0.88591093 0
vt 0.58697516 0.88591069 0
vt 0.58698642 0.88545001 0
vt 0.58699453 0.88544756 0
vt 0.58633888 0.88605702 0
vt 0.58634132 0.88606763 0
vt 0.58697808 0.88544595 0
vt 0.58697522 0.8859266 0
vt 0.58697784 0.88591874 0
vt 0.58633059 0.88604558 0
vt 0.58633101 0.88603854 0
vt 0.83933979 0.89972615 0
vt 0.83932203 0.89980191 0
vt 0.83931875 0.89972204 0
vt 0.83933806 0.8997978 0
vt 0.84919453 0.89722502 0
vt 0.84916747 0.89722395 0
vt 0.84918386 0.8972258 0
vt 0.84917593 0.89779508 0
vt 0.84916925 0.89779955 0
vt 0.15369299 0.84470975 0
vt 0.15369239 0.84473646 0
vt 0.1540834 0.84447193 0
vt 0.15411156 0.84446758 0
vt 0.15408054 0.84450734 0
vt 0.15412346 0.84449589 0
vt 0.15323323 0.8451643 0
vt 0.15328273 0.84518683 0
vt 0.15325227 0.845186 0
vt 0.15328375 0.8451643 0
vt 0.15367401 0.84462786 0
vt 0.15359771 0.8447184 0
vt 0.15365508 0.84474766 0
vt 0.15359771 0.84483182 0
vt 0.15365583 0.84480155 0
vt 0.15327394 0.84521616 0
vt 0.15325564 0.84521127 0
vt 0.15409857 0.84444046 0
vt 0.15408137 0.84444213 0
vt 0.15368211 0.84476435 0
vt 0.15409356 0.84442472 0
vt 0.15367579 0.84478307 0
vt 0.15326691 0.84523094 0
vt 0.15325305 0.84522748 0
vt 0.15408054 0.84442449 0
vt 0.15408492 0.84440088 0
vt 0.15409669 0.84440541 0
vt 0.15334207 0.84429479 0
vt 0.15334758 0.84427524 0
vt 0.15366328 0.84481537 0
vt 0.15325189 0.84525311 0
vt 0.15324515 0.84524715 0
vt 0.15410256 0.84438795 0
vt 0.1541037 0.84438974 0
vt 0.15408304 0.84439254 0
vt 0.15410498 0.84439087 0
vt 0.15333873 0.84432232 0
vt 0.15365216 0.84484845 0
vt 0.15400916 0.84477997 0
vt 0.15402973 0.84469664 0
vt 0.15393299 0.84469223 0
vt 0.15399265 0.8446604 0
vt 0.15393299 0.84458232 0
vt 0.15399358 0.8446089 0
vt 0.15322131 0.84512651 0
vt 0.15321293 0.84502804 0
vt 0.153225 0.84512639 0
vt 0.15321654 0.84502727 0
vt 0.15321293 0.84523487 0
vt 0.15321657 0.84523571 0
vt 0.15386024 0.84439564 0
vt 0.15384597 0.84448957 0
vt 0.1538575 0.84439647 0
vt 0.15384883 0.84448802 0
vt 0.15384597 0.84430486 0
vt 0.15384895 0.84430492 0
vt 0.15410534 0.84438878 0
vt 0.15410519 0.8443886 0
vt 0.15410551 0.84438908 0
vt 0.15410641 0.84439081 0
vt 0.1540269 0.84466141 0
vt 0.15400851 0.84462023 0
vt 0.15402335 0.84460139 0
vt 0.15401345 0.84464651 0
vt 0.30038273 0.94605708 0
vt 0.30037951 0.94606686 0
vt 0.30037966 0.9460572 0
vt 0.30038273 0.94606817 0
vt 0.30028585 0.94631118 0
vt 0.30028066 0.9463191 0
vt 0.30028257 0.94630963 0
vt 0.30028382 0.94631922 0
vt 0.30036914 0.94610834 0
vt 0.30036828 0.946105 0
vt 0.30014122 0.9462834 0
vt 0.3001447 0.94629121 0
vt 0.30014113 0.94629258 0
vt 0.30014491 0.9462806 0
vt 0.30014491 0.94630259 0
vt 0.30014178 0.94630229 0
vt 0.30014172 0.94630641 0
vt 0.30014485 0.94630784 0
vt 0.30022097 0.94630522 0
vt 0.30022171 0.94630861 0
vt 0.30022803 0.94632572 0
vt 0.30022931 0.94631398 0
vt 0.30022931 0.9463262 0
vt 0.30022809 0.94631439 0
vt 0.30037341 0.94611919 0
vt 0.30037245 0.94611913 0
vt 0.3002215 0.94630432 0
vt 0.30036786 0.94609463 0
vt 0.30036247 0.94608653 0
vt 0.30036914 0.94609416 0
vt 0.30036333 0.94608545 0
vt 0.30036715 0.94610471 0
vt 0.3003616 0.94610828 0
vt 0.30034757 0.94607347 0
vt 0.30034426 0.94608158 0
vt 0.30034456 0.94607401 0
vt 0.30034757 0.94608253 0
vt 0.30037743 0.94606477 0
vt 0.30037618 0.94605708 0
vt 0.30037951 0.94605863 0
vt 0.30037355 0.94606471 0
vt 0.30030817 0.94611949 0
vt 0.30030739 0.94611627 0
vt 0.30037522 0.94633597 0
vt 0.30037871 0.94634217 0
vt 0.30037501 0.94634318 0
vt 0.30037919 0.94633365 0
vt 0.30037543 0.94635057 0
vt 0.30037919 0.94635135 0
vt 0.30037564 0.94635367 0
vt 0.3003788 0.94635558 0
vt 0.30024838 0.94610202 0
vt 0.30024901 0.94610542 0
vt 0.30025384 0.94611806 0
vt 0.30025506 0.946109 0
vt 0.30025506 0.94611859 0
vt 0.30025381 0.94610935 0
vt 0.30004501 0.94635636 0
vt 0.30004591 0.94635594 0
vt 0.30024895 0.94610119 0
vt 0.30030689 0.94610822 0
vt 0.30030316 0.94610202 0
vt 0.30030817 0.9461078 0
vt 0.30030406 0.94610101 0
vt 0.30030626 0.94611591 0
vt 0.30030161 0.94611907 0
vt 0.13846542 0.63938016 0
vt 0.13728887 0.83727866 0
vt 0.40421379 0.89841884 0
vt 0.40421408 0.8984189 0
vt 0.38535464 0.89680964 0
vt 0.38535467 0.89680964 0
vt 0.38535461 0.89680964 0
vt 0.38535458 0.89680964 0
vt 0.40399504 0.89846671 0
vt 0.40399396 0.89846838 0
vt 0.40399361 0.89846683 0
vt 0.40399539 0.8984682 0
vt 0.40399522 0.89846879 0
vt 0.40421242 0.89841825 0
vt 0.40421271 0.89841884 0
vt 0.4042123 0.89841884 0
vt 0.40421283 0.89841837 0
vt 0.40421277 0.89841771 0
vt 0.13730218 0.83730394 0
vt 0.13730279 0.83729911 0
vt 0.13730279 0.83730406 0
vt 0.13730249 0.83729911 0
vt 0.13734405 0.83731741 0
vt 0.1373392 0.83731675 0

# 1351 vertex normals
vn 0.97083443 -0.14846498 -0.18825155
vn 0.2576209 -0.19951047 -0.94542426
vn 0.74908817 0.18799098 0.63523716
vn 0.27350816 0.054309901 -0.9603352
vn 0.80574995 0.0075799897 0.59220737
vn 0.0089446548 -0.13807093 -0.99038196
vn 0.0093971053 -0.011865539 -0.99988544
vn 0.8096711 -0.13917321 0.5701434
vn 0.17208102 -0.044203609 -0.98409051
vn 0.94483584 -0.12443791 -0.30298579
vn 0.74106473 0.022806069 0.67104614
vn 0.11873701 0.03108279 -0.99243909
vn 0.28440386 0.012198573 -0.95862699
vn 0.9927693 0.050360385 -0.10896298
vn 0.99261403 -0.11832915 0.026750034
vn 0.9627223 -0.18863346 0.19386396
vn 0.12372422 0.92238659 -0.36591709
vn 0.2506265 0.91162699 0.32576466
vn 0.51411295 0.19015126 0.83637929
vn 0.27793515 0.24727458 -0.92822808
vn 0.58042848 -0.78023547 0.23309949
vn -0.055026028 -0.86542708 -0.49800411
vn 0.19030565 0.90651613 -0.37684512
vn 0.29149055 0.88964754 0.35151178
vn 0.23230956 0.24196695 0.94206381
vn -0.028183352 0.30148712 -0.95305365
vn 0.044548418 0.28893924 0.95631039
vn 0.039017078 0.9058243 0.42185307
vn 0.064876124 0.88447899 -0.46204764
vn 0.055934612 0.32740423 -0.94322735
vn -0.16667341 -0.84744889 -0.5040341
vn -0.058331788 -0.34180295 0.93795955
vn 0.086775944 0.32169139 -0.94285977
vn 0.085283704 0.85219997 -0.51621884
vn -0.023485526 -0.85189617 -0.52318388
vn -0.10754691 0.20158529 0.97354871
vn -0.012978568 0.92658865 0.37585238
vn -0.0073843356 0.92728448 0.3742846
vn -0.010918449 0.92780423 0.37290761
vn -0.068869159 -0.76004666 0.64620906
vn 0.1045545 -0.79213369 -0.60132569
vn -0.12138985 0.2327012 0.96494281
vn -0.0079748649 0.92997444 0.36753777
vn -0.004605676 0.9293983 0.36904961
vn -0.0025972677 0.93060654 0.36601195
vn -0.19130796 -0.68893611 0.69911963
vn 0.24450803 0.2674 -0.93204778
vn 0.12797374 0.89838064 -0.42016062
vn -0.17694305 -0.76613081 0.61784691
vn -0.050088149 0.91763902 0.3942458
vn -0.10221483 0.29664645 0.94950145
vn -0.0597234 -0.85955071 -0.50754869
vn 0.052741833 0.82268745 -0.56604207
vn 0.072067842 0.34181321 -0.93700051
vn -0.067160882 -0.050388925 0.99646896
vn -0.16252741 0.026209887 0.98635584
vn -0.062876232 -0.033392482 0.99746257
vn -0.20201898 -0.77837241 0.59441125
vn 0.078340225 -0.29495597 -0.95229399
vn 0.26083916 -0.19127344 -0.94624382
vn 0.060885835 -0.28037468 -0.95795768
vn -0.018055249 -0.49809977 -0.86693174
vn 0.62469745 -0.73985732 0.24972826
vn 0.14647195 -0.79671174 -0.58634156
vn 0.24308479 0.15186602 -0.95804304
vn 0.25952062 0.15251802 -0.95361799
vn 0.24312039 0.15186659 -0.95803392
vn 0.24950485 0.15944251 -0.95515728
vn 0.68521172 0.13404423 0.71590298
vn 0.70350456 0.13660842 0.69743776
vn 0.69398427 0.14600797 0.70503014
vn 0.70344061 0.1365972 0.69750446
vn 0.036900654 0.091948539 -0.99507982
vn 0.09535379 0.094697855 -0.99092883
vn 0.037386343 0.092074521 -0.99505001
vn 0.057398837 0.11596181 -0.99159378
vn 0.034704059 0.072186396 -0.99678719
vn 0.95856529 0.18896462 -0.21317828
vn 0.72426367 0.058745261 0.68701613
vn 0.23493539 0.10757735 -0.9660396
vn 0.18099985 0.13384818 -0.97433245
vn 0.026593989 0.093799524 -0.99523586
vn 0.026602635 0.093805097 -0.99523509
vn 0.026575765 0.093790345 -0.99523723
vn 0.026608104 0.093807973 -0.99523467
vn 0.95787144 0.15981686 -0.23862287
vn 0.73848718 0.069659479 0.6706596
vn -0.67424166 0.014684042 0.73836476
vn -0.61929113 -0.012027007 0.78506929
vn -0.61090994 0.028735828 0.79117841
vn 0.95945144 -0.09140823 0.26664111
vn 0.98628151 -0.067920156 0.15045142
vn 0.98607326 -0.068305805 0.15163729
vn 0.98511779 -0.030879531 0.16908403
vn 0.96702826 -0.030195801 0.25287259
vn 0.98823023 -0.12264989 0.091422074
vn 0.98732358 -0.13724706 0.079720758
vn 0.99317408 0.027278671 0.11340695
vn 0.96990085 0.14150299 -0.1981646
vn 0.97067612 0.15647027 -0.18249641
vn 0.97723341 0.13877448 -0.16048825
vn 0.96984321 0.14152835 -0.1984285
vn 0.69786906 0.21651013 0.68271673
vn -0.68718678 -0.15033042 0.71075672
vn 0.1443409 -0.98091853 -0.13024807
vn 0.076757938 -0.98825425 -0.13214312
vn 0.019257579 -0.99450177 -0.10293365
vn 0.019265387 -0.99449456 -0.10300231
vn 0.019260934 -0.99449462 -0.10300229
vn 0.019265227 -0.9944945 -0.1030025
vn 0.16612905 -0.98085672 -0.10159342
vn -0.68832374 -0.13318293 0.71307272
vn 0.25482115 -0.029779864 0.96652955
vn 0.31717718 -0.13226764 0.9390974
vn 0.23940337 0.0098135481 0.97087061
vn -0.67392021 -0.047344785 0.73728561
vn -0.6706242 -0.050273728 0.74009174
vn -0.67072624 -0.050297372 0.73999763
vn -0.67421931 -0.052885551 0.73663527
vn 0.040482603 0.25909117 -0.96500409
vn 0.35731316 0.48526305 0.79802698
vn 0.13808542 0.27656469 0.9510228
vn -0.043323934 0.34189957 -0.93873727
vn 0.70495683 -0.19437149 0.68209648
vn 0.84541065 0.43274292 -0.31307259
vn 0.62729996 -0.25773641 0.73489225
vn 0.87922925 0.21430461 0.42547563
vn 0.12344465 0.35123542 -0.9281137
vn 0.13589713 0.31198418 -0.94031793
vn 0.31155273 0.89937103 0.30670282
vn 0.34695446 0.88307917 -0.31590149
vn 0.88546723 0.40656748 0.22505693
vn 0.2487721 0.77439952 0.58173686
vn 0.43253839 0.35400257 0.82921213
vn -0.04379148 -0.2580224 0.96514595
vn -0.36211234 -0.4820179 -0.79783046
vn -0.16012819 -0.23750709 -0.95809674
vn -0.1601024 -0.23751909 -0.95809805
vn -0.16011105 -0.23751481 -0.9580977
vn -0.16013695 -0.23750262 -0.95809639
vn -0.16011451 -0.2375131 -0.95809752
vn 0.04547976 -0.3380194 0.94003963
vn -0.70016694 0.19242921 -0.68755889
vn -0.86379713 -0.43028587 0.26212332
vn -0.61152536 0.22583808 -0.7583099
vn -0.6115393 0.22580624 -0.75830811
vn -0.61153543 0.22581577 -0.75830841
vn -0.61153007 0.22582398 -0.75831032
vn -0.87903738 -0.21675098 -0.42463195
vn -0.11967455 -0.3475298 0.93000054
vn -0.1356777 -0.31124631 0.94059414
vn -0.13567565 -0.31124693 0.9405942
vn -0.13565619 -0.31125593 0.94059402
vn -0.13582037 -0.31118068 0.94059527
vn -0.32975057 -0.8926602 -0.30728212
vn -0.35361692 -0.8866266 0.29807433
vn -0.88333756 -0.40623948 -0.23384655
vn -0.26554066 -0.77341956 -0.57559562
vn -0.43834093 -0.32758677 -0.83698517
vn 0.1281883 -0.96348983 -0.23506413
vn 0.00021167594 0.97433943 0.22508366
vn 0.93858701 -0.34132928 -0.050484825
vn 0.43490592 -0.89847755 0.059957657
vn 0.58901346 -0.78806496 -0.17893232
vn -0.12562343 0.91253495 0.38922843
vn -0.10635412 0.87019169 0.48109794
vn 0.9438495 -0.32271072 0.070752159
vn -0.38130775 0.80212802 0.45955965
vn 0.82521731 -0.51527864 -0.23130997
vn 0.79279923 -0.52531612 -0.3090508
vn -0.35704455 0.84839863 0.39081839
vn 0.85335177 -0.45881265 -0.24755144
vn -0.74331117 -0.088010721 -0.66313094
vn -0.72414476 -0.050647248 -0.68778569
vn -0.96431434 -0.15504237 0.21461532
vn -0.11350299 -0.13563688 0.98423558
vn 0.002469568 -0.14489287 0.98944426
vn -0.96604723 -0.17584452 0.1892921
vn -0.12365796 -0.08338999 0.98881483
vn 0.0064693242 -0.04731838 0.99885893
vn 0.11392763 0.077342622 0.99047393
vn -0.47587186 -0.021003796 0.87926382
vn -0.26040676 0.8783555 0.40084901
vn 0.073664121 0.44062161 -0.89466542
vn 0.98765141 0.15510517 0.022069566
vn 0.59728694 0.1083905 -0.79466963
vn 0.6420514 0.045086399 0.76533473
vn -0.9988091 0.014231349 -0.046667237
vn -0.51850641 0.11476494 -0.84733707
vn -0.11960799 0.00012195857 -0.99282122
vn -0.10472689 -0.0053141532 -0.99448681
vn -0.12470829 0.020419748 -0.99198329
vn -0.10877863 -0.0078137964 -0.9940353
vn -0.99939543 -0.029955881 -0.017645815
vn 0.67109519 0.083037801 0.73670614
vn 0.67108965 0.083034039 0.73671168
vn 0.67109734 0.083045527 0.73670334
vn 0.67110014 0.083050542 0.73670018
vn 0.96744251 0.17384489 -0.18393742
vn 0.96743572 0.17385499 -0.18396349
vn 0.96744353 0.17382397 -0.18395181
vn 0.96743625 0.17386499 -0.18395135
vn -0.18883295 -0.061840586 0.9800601
vn 0.51987189 0.25937632 -0.81391472
vn -0.9995535 -0.013065155 0.026871603
vn 0.51366401 -0.050580088 -0.85649925
vn 0.5136475 -0.050588325 -0.85650861
vn 0.513641 -0.050598882 -0.85651189
vn 0.51365083 -0.050622873 -0.85650462
vn -0.58450711 -0.012216797 0.81129664
vn -0.48148298 -0.4045586 -0.77750015
vn 0.42473158 -0.54188746 -0.72523171
vn -0.50517964 -0.39436334 0.76763994
vn 0.9992823 0.014760147 -0.034885455
vn 0.54754734 -0.06197105 0.83447677
vn -0.64796156 0.12684318 -0.751037
vn 0.53180981 -0.17544852 0.82849032
vn 0.97362757 -0.060136769 -0.22007483
vn -0.43422461 -0.59044796 0.68030894
vn 0.79606456 -0.59219104 -0.12486389
vn 0.47304744 -0.6875084 0.55096126
vn -0.91508108 -0.40080044 -0.044560835
vn -0.12308799 0.97092313 0.20532328
vn -0.9953618 -0.08634524 0.042419583
vn 0.31776381 -0.020320352 -0.94795215
vn -0.49244782 -0.047887046 -0.86902356
vn -0.15364473 -0.13245434 0.97920841
vn 0.010152661 -0.99978244 -0.018221693
vn 0.0095538739 -0.99988699 -0.011604936
vn 0.0029708217 -0.99993145 -0.011327282
vn -0.039066583 -0.99923533 0.0016143649
vn -0.040049795 -0.99919289 0.0031021619
vn -0.038171314 -0.99926537 0.003418661
vn 0.014080917 -0.9999007 -0.00057296292
vn 0.0097512919 -0.99995005 -0.0022056662
vn 0.015944583 -0.99986106 -0.0048593543
vn -0.11727997 0.91793752 -0.3789936
vn -0.11998945 -0.68161267 0.72180796
vn 0.97434121 0.20668991 0.089098297
vn -0.993029 0.10394623 0.05557495
vn 0.42739499 0.87431014 0.23003323
vn -0.042657156 -0.99908876 -0.0014233683
vn -0.043680571 -0.99904525 0.00075184845
vn -0.038637698 -0.99925327 -0.00016296463
vn -0.040210061 -0.99919105 -0.00062424695
vn -0.039635003 -0.99921316 0.0014598093
vn 0.98920584 0.033681151 -0.14260921
vn 0.0040876763 -0.99997717 0.005381518
vn 0.0052423268 -0.99998587 0.00088077568
vn 0.0096420124 -0.99995065 0.0023966997
vn 0.011901641 -0.99992901 0.00051503745
vn 0.0047333008 -0.99996126 0.0074222423
vn 0.96884412 0.16490005 0.18479468
vn 0.47765312 -0.23507781 0.84651399
vn 0.41502291 0.30772564 0.85618979
vn 0.30389792 0.93938154 -0.15877149
vn 0.35428602 -0.23665051 -0.90469772
vn 0.9515295 -0.16587606 0.25899187
vn 0.52985191 0.012375998 0.84799987
vn 0.84209347 0.041319218 0.53774655
vn 0.095951632 -0.9433316 -0.31767717
vn 0.2931481 -0.47535166 -0.82952094
vn 0.71156907 -0.58796102 -0.38467047
vn 0.71276391 -0.63527346 -0.29731348
vn 0.31778419 -0.9462353 0.060431711
vn 0.27785942 0.18243532 -0.9431392
vn 0.95769465 -0.22153008 0.18369928
vn 0.92878997 0.30489692 -0.21068229
vn 0.97334957 0.09717226 -0.20772138
vn 0.19418044 -0.91270459 -0.35953349
vn -0.04923179 -0.74175882 0.66885734
vn -0.73986351 0.14752628 -0.6563825
vn 0.62965202 0.039885677 0.77585274
vn 0.99114996 0.10849384 0.076490648
vn -0.60220891 0.038839377 0.7973932
vn -0.99839973 0.04080167 -0.039155912
vn 0.53664565 0.22917449 -0.81209022
vn -0.70067078 0.0898517 -0.7078045
vn 0.6210469 -0.074207522 0.78025252
vn 0.99866909 0.041679535 0.030378206
vn -0.4983539 -0.25270817 0.82932621
vn -0.99962616 0.0098259114 -0.025513886
vn 0.58949113 0.18666546 -0.78591108
vn 0.3925468 0.00095439097 -0.91973156
vn -0.6190688 -0.0013880709 -0.78533548
vn 0.94473439 -0.0083709303 -0.32772994
vn -0.24895993 -0.067813806 -0.96613675
vn -0.04617925 -0.99891359 -0.0062522017
vn -0.043661151 -0.99898887 -0.010720339
vn -0.99937826 0.025232159 0.024625655
vn -0.99949068 0.02191845 0.023194853
vn -0.99941367 0.022768496 0.025571952
vn -0.99957621 0.015446207 0.024673501
vn -0.99947602 0.018893946 0.026280811
vn -0.99955606 0.017847952 0.023857102
vn -0.69522554 0.26804665 0.6669426
vn 0.014691412 -0.12636144 -0.99187547
vn -0.12578812 0.98794138 0.090272799
vn -0.0080425618 0.97554201 -0.21966587
vn 0.08374045 -0.97300315 0.21506365
vn 0.15930183 -0.94855785 -0.27360719
vn -0.14577451 0.96916306 0.19867761
vn -0.61684924 0.2665135 0.74058592
vn 0.25973627 -0.89314234 -0.36719728
vn -0.17357522 -0.9004119 0.39891109
vn -0.014735376 0.98413795 -0.17679195
vn -0.06721995 0.03537504 -0.99711084
vn 0.092763826 -0.067714982 -0.99338287
vn 0.024266843 0.9451263 -0.32580274
vn 0.16673835 -0.98378241 0.066109501
vn -0.02696632 -0.99502987 0.095855765
vn 0.029816629 0.98917276 0.14369477
vn -0.6003949 0.22594488 0.7671212
vn -0.30380684 -0.95259696 0.016137425
vn 0.37538779 0.87841302 0.29576093
vn -0.46622539 0.1602487 0.87003118
vn 0.18796231 -0.069065407 -0.97974491
vn 0.13622048 0.92207003 -0.36225805
vn 0.016144957 -0.997289 -0.071791023
vn -0.16423984 -0.0028403471 0.98641634
vn -0.22999132 0.031450108 0.97268438
vn 0.70307553 -0.23989117 -0.66943032
vn 0.73458177 -0.1994054 -0.64855766
vn 0.88267267 -0.19465287 0.42778414
vn 0.85487729 -0.26589796 -0.44551438
vn 0.8778407 -0.28526559 0.38473272
vn 0.082445718 -0.040089022 -0.99578893
vn -0.16450074 0.039078314 0.98560256
vn -0.25743315 -0.95898116 -0.11867334
vn 0.36607206 0.85999131 -0.35553655
vn -0.28522348 -0.92586976 0.247816
vn 0.31032965 0.93466944 0.17346062
vn 0.18171374 -0.96500576 0.189061
vn -0.069215246 -0.98410589 0.16353858
vn 0.13452312 -0.98959118 -0.051115338
vn 0.041405655 0.98166752 0.18604948
vn -0.025583399 0.98660445 0.16111207
vn -0.12389718 0.98626631 0.10921654
vn 0.53459495 -0.47016788 0.70224667
vn 0.12813824 -0.90824234 0.39834216
vn 0.37417749 -0.39424154 0.8393836
vn 0.44972083 0.028172232 0.89272475
vn 0.41507733 -0.46832195 0.77999061
vn 0.4367747 0.14059004 0.8885169
vn 0.87048131 -0.28990403 -0.39776611
vn 0.85053587 -0.37344402 -0.37030831
vn 0.97944522 -0.18758099 -0.07416527
vn 0.95612454 -0.12725329 -0.26387951
vn 0.98786843 -0.13673386 -0.07361947
vn -0.55141842 -0.062364887 -0.8318944
vn -0.17840302 0.9697063 0.16685928
vn -0.46673557 -0.87646288 -0.11819797
vn 0.18619595 0.97726184 0.10144158
vn -0.05742627 -0.99518305 0.079454221
vn -0.11971362 -0.90266383 -0.41336015
vn 0.0780489 0.99584645 -0.046885684
vn 0.30674943 -0.9503634 0.052098013
vn -0.24004945 0.97060764 -0.01723741
vn -0.43340665 -0.13141961 0.89156467
vn -0.43450925 -0.046838667 -0.89944863
vn 0.45216784 -0.026597857 -0.89153624
vn -0.99290895 -0.086435683 0.081612855
vn 0.97681344 -0.06171 -0.20500581
vn 0.56483775 -0.17306407 0.80685014
vn -0.38852081 0.86969388 0.30444074
vn 0.4026956 -0.90652233 -0.12670265
vn -0.061282657 0.87864554 0.47352549
vn 0.15967198 -0.88663727 -0.43402681
vn -0.25089434 0.84808594 0.46669289
vn -0.25707752 -0.95208704 -0.16565441
vn -0.65781409 -0.75301641 -0.015715819
vn -0.12304221 0.91395956 0.38670218
vn 0.05841836 -0.94046736 -0.33482596
vn -0.015721334 0.98568094 0.16788663
vn -0.011967435 -0.99595618 -0.08903984
vn 0.13446537 0.76020324 0.63561785
vn -0.35427594 -0.11550453 0.92798018
vn -0.46884367 -0.0011107324 -0.88328046
vn 0.396146 -0.046141218 -0.91702747
vn -0.99597013 -0.0097815599 0.08915025
vn 0.9640432 -0.1343831 -0.22926393
vn 0.55645543 -0.22636893 0.79944634
vn 0.59862411 0.80026037 0.035107531
vn 0.11486786 -0.97923702 -0.16703378
vn 0.15712261 0.96884733 -0.19143496
vn -0.33999801 -0.74890018 -0.56881446
vn -0.17567265 -0.96125895 0.21241538
vn 0.031013738 0.9726429 0.23022588
vn 0.044320542 -0.98587632 -0.16150421
vn 0.00034412224 -0.99561447 -0.093550481
vn -0.11959926 0.97210503 0.20176177
vn -0.42908978 0.89647073 0.11055417
vn 0.46013075 -0.74558443 0.48206171
vn 0.32031503 -0.92816752 -0.18948163
vn -0.259426 -0.18898514 0.94709176
vn -0.45151702 -0.082456373 -0.88844436
vn 0.38023958 0.045820482 -0.92375231
vn -0.97704768 -0.20865026 0.042928468
vn 0.97690248 0.064143799 -0.203831
vn 0.55509055 -0.12693226 0.82204789
vn -0.91827399 0.30595618 0.25132382
vn -0.14116326 0.93929476 0.31272724
vn 0.94649762 -0.31512424 -0.069562338
vn -0.43125877 0.77543592 -0.46121034
vn -0.35786328 0.49385685 0.79248929
vn 0.2238206 -0.59698719 -0.77039641
vn 0.48125491 -0.61625123 0.62340051
vn 0.15192765 0.93403757 -0.3232519
vn 0.88430512 0.44915137 0.12754437
vn -0.97283357 0.207159 0.10334414
vn 0.18023939 -0.15683737 0.97103852
vn 0.8616873 0.50067794 -0.082562864
vn -0.20441639 0.93196952 0.2994107
vn 0.022103796 0.97492534 0.22143161
vn 0.43485567 0.59454787 -0.67632347
vn -0.95300597 0.28960469 0.088931024
vn 0.046996295 -0.21966334 0.97444308
vn -0.2746577 0.67122167 -0.68849444
vn -0.16355464 0.89555126 0.41380888
vn 0.4011884 0.83368951 0.37948596
vn 0.3986384 0.83176875 0.38632646
vn 0.20181642 0.17919043 0.96289194
vn -0.069014288 0.41198841 -0.90857172
vn -0.14093341 0.89443159 0.42441708
vn 0.98744875 0.10591782 -0.11715939
vn -0.99814057 0.056206185 0.023585944
vn 0.012114747 -0.052194797 0.99856341
vn 0.063994341 -0.0076833814 -0.99792069
vn 0.09542232 -0.99532121 -0.015174187
vn -0.020603729 0.41493264 -0.90961879
vn 0.064668939 -0.39675468 0.91564387
vn 0.063824162 -0.39512312 0.9164083
vn 0.20755465 0.97644603 0.058942672
vn 0.088426001 0.9947297 0.051901147
vn 0.045029756 0.99632818 0.072818078
vn 0.025954351 0.99438661 0.10257522
vn -0.030375438 0.99947268 0.011474455
vn 0.022751307 0.97668117 0.21348599
vn -0.48944435 -0.36188745 -0.7933988
vn -0.11472133 0.040897213 0.9925555
vn 0.93965811 -0.34207815 0.0050152186
vn 0.34341437 0.075239524 0.93616539
vn -0.9242484 -0.38069785 -0.028880449
vn 0.25441059 -0.38797337 -0.88586223
vn 0.83135909 -0.46181542 -0.3091417
vn -0.011294635 0.99693042 0.07747402
vn 0.027160702 0.99939615 0.021671971
vn -0.92246681 -0.32953486 0.20115122
vn 0.17049699 -0.25635684 0.95142627
vn 0.32720095 -0.93765175 -0.11725508
vn 0.32718453 -0.93765891 -0.11724364
vn 0.32721129 -0.9376474 -0.11726093
vn 0.1688624 -0.36332437 -0.91623187
vn 0.16820322 -0.36492729 -0.91571599
vn 0.161799 -0.37809125 -0.91151965
vn 0.21007374 -0.29811683 -0.93112588
vn 0.053381819 -0.16552453 0.98475987
vn 0.13768715 -0.98810899 -0.06843131
vn 0.29710206 -0.93863446 0.17520209
vn -0.74686879 -0.043639813 -0.66353792
vn -0.74686921 -0.043639995 -0.66353744
vn 0.19045587 0.67704529 -0.71087009
vn -0.27519423 0.18529478 0.94336313
vn -0.10654642 0.79107028 0.60237497
vn 0.15346824 -0.048216242 -0.98697656
vn 0.99719739 -0.0528735 -0.052931279
vn 0.99356133 -0.056604702 -0.098141648
vn 0.4169057 -0.16921204 0.89306045
vn 0.951626 -0.16203709 0.26105919
vn 0.50029498 -0.060888894 0.86371148
vn 0.4439092 -0.27351728 0.85330707
vn 0.94168866 -0.1144049 0.3164396
vn 0.55705625 -0.080447413 0.82656914
vn -0.94263792 0.11301374 -0.31410447
vn -0.57469136 0.081237562 -0.81432813
vn 0.14356801 0.96751058 0.20811404
vn 0.12119573 0.9805367 0.15446499
vn -0.037962016 0.94725507 0.31822422
vn 0.040517565 -0.94695228 -0.31880975
vn -0.3925918 -0.91915643 -0.031985786
vn -0.038797759 0.99718469 0.064166747
vn -0.33785236 0.89264005 0.29841158
vn 0.20780061 -0.95560879 -0.20887971
vn 0.30424926 -0.70345038 -0.6423316
vn 0.28964415 -0.10542447 -0.95131063
vn 0.41492894 -0.39207542 0.82104254
vn 0.89766169 0.029121429 -0.439722
vn 0.17027837 0.91990656 0.35323811
vn -0.90488511 -0.083559349 0.41737366
vn -0.11009641 -0.96228963 -0.24875185
vn 0.34025234 0.29063463 0.89429295
vn 0.96864671 -0.050941844 -0.24316353
vn 0.95668238 -0.18583627 0.22410646
vn 0.35832435 0.30933061 -0.88086224
vn 0.33768356 0.90115708 -0.27181932
vn 0.27893314 0.93571955 0.2159287
vn 0.38119087 0.90386128 0.19423784
vn 0.37217626 0.39707658 -0.83893681
vn 0.93191957 0.32581398 0.15928335
vn 0.93314624 0.29536498 -0.20493311
vn 0.37091568 0.38363779 -0.84572077
vn 0.34907195 0.87121481 -0.34515718
vn 0.35797104 0.29426867 -0.88615048
vn 0.29061687 0.92913294 0.22859083
vn 0.38282236 0.074017458 0.92085201
vn 0.52260554 0.26836023 0.80923808
vn 0.45769471 0.083473139 0.88518238
vn 0.95686918 0.14642037 0.25092319
vn 0.35010257 0.3553645 -0.86668581
vn 0.94904912 0.19158693 -0.25020045
vn 0.34920636 0.36982802 -0.86097741
vn 0.54930419 0.81652838 -0.17761274
vn 0.33399364 0.90642852 0.25852585
vn 0.32491124 0.80283046 0.49989593
vn 0.71986824 0.5075869 -0.47343981
vn 0.74500024 0.65820169 0.10837512
vn 0.43837973 0.40959707 -0.80003339
vn 0.1269892 0.98934734 -0.071172625
vn 0.32610735 0.93160939 -0.1604927
vn 0.34885204 0.82916325 -0.43679577
vn 0.16968702 0.78572738 -0.59484357
vn 0.88621533 0.43596253 0.15671343
vn 0.90585488 0.15328985 -0.3948786
vn 0.49817643 0.13945583 -0.85578752
vn 0.31388113 0.74977887 0.5825035
vn 0.41300333 -0.32494614 -0.85078686
vn 0.35710704 0.79594845 0.48881552
vn 0.87591887 0.45721465 0.15401594
vn 0.93253171 -0.04524656 -0.35824201
vn 0.91489911 -0.14030702 -0.37851492
vn 0.44949973 -0.65988493 -0.60208124
vn 0.49520904 0.79251182 0.35593969
vn 0.82818878 0.54171056 0.1437116
vn 0.83808082 0.50651073 -0.20265104
vn 0.93499422 -0.27679041 -0.22174959
vn 0.59429586 -0.74665588 -0.29886013
vn 0.56786734 0.79588914 -0.20996936
vn -0.12751044 -0.98935115 0.070181094
vn -0.12750167 -0.98935211 0.070183828
vn -0.12750122 -0.98935217 0.07018394
vn -0.12807378 -0.98929089 0.070004553
vn -0.32697466 -0.9314056 0.15990992
vn -0.34955001 -0.82869905 0.43711865
vn -0.16975415 -0.78502607 0.59574962
vn -0.16968846 -0.78505784 0.59572643
vn -0.1697004 -0.78505474 0.59572709
vn -0.16978784 -0.78502738 0.59573829
vn 0.47059891 -0.00016245432 0.88234723
vn 0.47060025 -0.00016409786 0.88234651
vn 0.47059783 -0.00015933625 0.88234782
vn 0.47060043 -0.00016165727 0.88234645
vn 0.91981268 -0.1990491 0.33811849
vn 0.87514186 -0.42064789 -0.23912786
vn 0.48592725 -0.58544862 -0.64894116
vn 0.48593006 -0.58542848 -0.64895725
vn 0.48592404 -0.58544433 -0.64894742
vn 0.4859297 -0.58542341 -0.64896208
vn 0.74854469 -0.06086839 -0.66028464
vn 0.39498603 0.46974194 -0.78951162
vn 0.74491531 0.14323126 -0.65160263
vn 0.59484863 -0.28503755 -0.75160408
vn -0.22709595 -0.96429008 -0.13627951
vn -0.22708207 -0.96429294 -0.13628224
vn -0.22711979 -0.964293 -0.1362191
vn -0.22712281 -0.96428519 -0.13626896
vn -0.25137046 -0.67683309 0.69188857
vn -0.25136983 -0.67683226 0.6918897
vn -0.25137669 -0.67684019 0.69187945
vn -0.25137752 -0.67684102 0.69187826
vn -0.44918111 -0.89049464 0.072495423
vn -0.55066955 -0.74031913 0.38560432
vn 0.87507063 0.45009354 0.17795275
vn 0.90351516 0.14365554 -0.40376168
vn 0.4825159 0.13958964 -0.86469251
vn 0.32393128 0.75432932 0.57101297
vn -0.87497467 -0.45165926 -0.17442259
vn -0.90048283 -0.15396222 0.40672627
vn -0.50054437 -0.13896315 0.85448498
vn -0.50054532 -0.13896383 0.85448432
vn -0.50056618 -0.13894132 0.85447574
vn -0.50055659 -0.13894588 0.85448062
vn -0.31447822 -0.75093025 -0.58069545
vn -0.31447875 -0.75093412 -0.58069015
vn -0.31447849 -0.7509352 -0.58068889
vn -0.31446046 -0.75092274 -0.58071476
vn 0.32505074 -0.94084799 0.095640428
vn 0.25175092 -0.65955317 0.7082451
vn 0.25176081 -0.65954459 0.70824957
vn 0.25174949 -0.65956253 0.70823687
vn 0.25174212 -0.65956658 0.70823568
vn 0.49872866 -0.82450187 0.26733205
vn 0.18143858 -0.98261762 0.039277323
vn 0.18143351 -0.98261827 0.039283127
vn 0.18144497 -0.98261672 0.039270051
vn 0.1814425 -0.98261708 0.039272029
vn -0.31439874 0.93771416 -0.14780256
vn -0.2050834 0.65094358 -0.73089892
vn -0.20508064 0.65094686 -0.73089683
vn -0.20507692 0.65095484 -0.73089069
vn -0.2050823 0.65094358 -0.73089927
vn -0.44158381 0.85814255 -0.26190656
vn -0.16859855 0.98508132 -0.034486018
vn -0.16862324 0.98507822 -0.034454815
vn -0.16859755 0.98508143 -0.034487382
vn -0.1685991 0.98508126 -0.034485534
vn -0.94607091 0.25830042 0.19552678
vn -0.94608641 0.25973785 0.19353738
vn -0.94608647 0.25972155 0.19355923
vn -0.94607091 0.2597664 0.19357494
vn 0.88757879 0.43896714 0.13968471
vn 0.89988202 0.15923059 -0.40602699
vn 0.40871489 0.12997064 -0.90336025
vn 0.31639796 0.75627756 0.57265753
vn -0.88725537 -0.44186476 -0.13241413
vn -0.89807016 -0.16803764 0.40648904
vn -0.39664242 -0.12567563 0.90932965
vn -0.39664552 -0.1256813 0.90932751
vn -0.39662492 -0.12567909 0.90933681
vn -0.39664388 -0.12566496 0.90933049
vn -0.30350831 -0.75264257 -0.58430463
vn -0.30353352 -0.7526595 -0.58426964
vn -0.30351681 -0.75264424 -0.58429801
vn -0.3035363 -0.75265336 -0.58427614
vn 0.37989166 -0.90004176 0.21355829
vn 0.27150217 -0.66008872 0.70040667
vn 0.27151287 -0.6600771 0.70041347
vn 0.27150828 -0.66007584 0.70041639
vn 0.27150461 -0.66008866 0.70040578
vn 0.47866806 -0.81735778 0.32062924
vn 0.20768765 -0.9776957 -0.031255446
vn 0.2077011 -0.97769237 -0.031271081
vn 0.20769234 -0.97769463 -0.031259373
vn 0.20770891 -0.97769058 -0.031274684
vn -0.36081639 0.90555775 -0.22310697
vn -0.28338599 0.66965795 -0.68647695
vn -0.28337494 0.66967195 -0.68646783
vn -0.28337309 0.66967171 -0.6864689
vn -0.28339088 0.66964805 -0.68648458
vn -0.43119377 0.83979422 -0.3298752
vn -0.24996226 0.96824992 -0.0033079756
vn -0.24995881 0.96825081 -0.0033120213
vn -0.24997512 0.9682467 -0.0032864993
vn -0.2499599 0.96825051 -0.0033129754
vn -0.9118582 0.09971609 -0.39821014
vn -0.9118582 0.099746048 -0.39820266
vn -0.9118582 0.099713519 -0.39821076
vn -0.9118582 0.09977217 -0.3981961
vn -0.94861895 0.2552433 0.18701069
vn -0.94861895 0.25524107 0.18701373
vn -0.94861895 0.25523272 0.18702513
vn -0.94860375 0.2552754 0.18704383
vn -0.97083443 -0.14846498 -0.18825155
vn -0.2576209 -0.19951048 -0.94542426
vn -0.74908811 0.18799099 0.63523722
vn -0.27350807 0.054309972 -0.96033525
vn -0.80574995 0.0075800074 0.59220731
vn -0.0089446912 -0.1380709 -0.99038196
vn -0.0093971053 -0.011865539 -0.99988544
vn -0.80967128 -0.13917314 0.57014316
vn -0.17208102 -0.044203579 -0.98409051
vn -0.9448359 -0.12443788 -0.3029857
vn -0.74106491 0.02280608 0.67104602
vn -0.11873698 0.031082846 -0.99243909
vn -0.2844038 0.012198535 -0.95862699
vn -0.9927693 0.050360389 -0.10896301
vn -0.99261403 -0.11832915 0.026749972
vn -0.9627223 -0.18863346 0.19386394
vn -0.12372704 0.92238623 -0.36591697
vn -0.25062603 0.91162705 0.32576475
vn -0.51411366 0.19015117 0.83637887
vn -0.27793515 0.24727458 -0.92822808
vn -0.58042848 -0.78023547 0.23309949
vn 0.055026028 -0.86542708 -0.49800411
vn -0.19030565 0.90651613 -0.37684518
vn -0.29149109 0.88964736 0.35151181
vn -0.23230956 0.24196695 0.94206381
vn 0.028183421 0.30148715 -0.95305359
vn -0.044548325 0.28893924 0.95631039
vn -0.03901713 0.9058243 0.42185307
vn -0.06487602 0.88447899 -0.46204764
vn -0.055934612 0.3274042 -0.94322735
vn 0.16667351 -0.84744883 -0.50403416
vn 0.058331788 -0.34180295 0.93795955
vn -0.086775735 0.32169136 -0.94285983
vn -0.085284822 0.85220003 -0.5162186
vn 0.023485919 -0.85189617 -0.52318388
vn 0.10754693 0.20158535 0.97354865
vn 0.012951727 0.92660439 0.37581459
vn 0.010916736 0.92780423 0.37290761
vn 0.0074269986 0.92729092 0.37426788
vn 0.068869516 -0.7600466 0.64620906
vn -0.1045545 -0.79213369 -0.60132569
vn 0.1213897 0.2327012 0.96494287
vn 0.0026218833 0.9305914 0.36605024
vn 0.004605676 0.9293983 0.36904961
vn 0.0079744179 0.92997473 0.36753693
vn 0.19130796 -0.68893611 0.69911969
vn -0.24450833 0.26740003 -0.93204767
vn -0.12797329 0.8983807 -0.42016068
vn 0.17694241 -0.76613086 0.61784697
vn 0.050088629 0.91763896 0.39424592
vn 0.10221473 0.29664651 0.94950145
vn 0.059722651 -0.85955071 -0.50754875
vn -0.052741349 0.82268757 -0.56604195
vn -0.072068095 0.34181336 -0.93700045
vn 0.067160867 -0.050388914 0.99646896
vn 0.16252743 0.02620988 0.98635584
vn 0.062876217 -0.033392474 0.99746257
vn 0.20201898 -0.77837241 0.59441125
vn -0.078340188 -0.29495591 -0.95229399
vn -0.26083919 -0.19127345 -0.94624382
vn -0.06088559 -0.28037462 -0.95795774
vn 0.018055156 -0.49809977 -0.86693174
vn -0.62469745 -0.73985732 0.24972826
vn -0.14647195 -0.79671174 -0.58634156
vn 0.2321571 0.01604454 0.97254598
vn 0.18644403 0.015807055 0.98233843
vn 0.23146845 0.015640793 0.97271669
vn 0.20596674 0.040026337 0.97774005
vn -0.24308482 0.15186603 -0.95804304
vn -0.25121447 0.14534096 -0.95695728
vn -0.25949654 0.15207572 -0.95369518
vn -0.24312039 0.15186659 -0.95803392
vn -0.69626546 0.12550284 0.70672727
vn -0.70350426 0.13660851 0.69743806
vn -0.70344031 0.13659731 0.69750476
vn -0.68531984 0.1342147 0.7157675
vn -0.036900662 0.091948584 -0.99507982
vn -0.061788604 0.071956359 -0.99549204
vn -0.094310403 0.094079368 -0.99108762
vn -0.037392531 0.091963343 -0.99506009
vn -0.034704071 0.07218641 -0.99678719
vn -0.95856529 0.18896465 -0.21317829
vn -0.72426361 0.058745261 0.68701619
vn -0.23493543 0.10757737 -0.9660396
vn -0.18099989 0.13384815 -0.97433245
vn -0.026585439 0.093795434 -0.99523646
vn -0.026577337 0.093791127 -0.99523711
vn -0.026596373 0.093801498 -0.99523562
vn -0.026588039 0.093796603 -0.99523628
vn -0.95787144 0.15981685 -0.23862287
vn -0.73848712 0.069659472 0.6706596
vn 0.67424178 0.014684065 0.73836464
vn 0.61929131 -0.012027009 0.78506923
vn 0.61091012 0.028735831 0.79117829
vn -0.9594506 -0.091408148 0.26664424
vn -0.98628145 -0.067920148 0.15045165
vn -0.98607326 -0.068305798 0.15163729
vn -0.98511779 -0.030879531 0.1690838
vn -0.96702915 -0.030195823 0.25286931
vn -0.98823011 -0.12265055 0.091422565
vn -0.98732352 -0.13724688 0.079721868
vn -0.9931739 0.027278513 0.11340835
vn -0.97500479 0.12613474 -0.1829088
vn -0.97727799 0.13783893 -0.1610222
vn -0.96990085 0.14150302 -0.19816463
vn -0.96984321 0.14152838 -0.19842854
vn -0.69786906 0.21651013 0.68271673
vn 0.68718678 -0.15033042 0.71075672
vn -0.14433928 -0.98091877 -0.13024808
vn -0.076757923 -0.98825425 -0.13214311
vn -0.019243421 -0.9944948 -0.10300377
vn -0.019243551 -0.9944948 -0.1030038
vn -0.019244302 -0.99449474 -0.103004
vn -0.019240538 -0.99450284 -0.10292643
vn -0.1661274 -0.98085701 -0.1015934
vn 0.6883238 -0.13318294 0.71307272
vn -0.25482121 -0.029779861 0.96652949
vn -0.31717739 -0.13226762 0.93909734
vn -0.23940343 0.0098135481 0.97087055
vn 0.67062438 -0.050273806 0.74009156
vn 0.67470729 -0.052348796 0.73622668
vn 0.67072642 -0.050297458 0.73999751
vn 0.67318988 -0.054402348 0.73746574
vn -0.040482793 0.25909117 -0.96500409
vn -0.35731316 0.48526305 0.79802698
vn -0.13808523 0.27656469 0.95102286
vn 0.043323938 0.34189957 -0.93873727
vn -0.70495683 -0.19437157 0.68209648
vn -0.84541065 0.43274292 -0.31307256
vn -0.62729883 -0.25773665 0.7348932
vn -0.87922925 0.21430461 0.42547563
vn -0.12344465 0.35123542 -0.9281137
vn -0.13589743 0.31198415 -0.94031793
vn -0.31155273 0.89937103 0.30670279
vn -0.34695438 0.88307923 -0.31590149
vn -0.88546723 0.40656748 0.22505693
vn -0.2487721 0.77439952 0.58173686
vn -0.43253797 0.35400254 0.82921237
vn 0.043791223 -0.2580224 0.96514601
vn 0.36211234 -0.4820179 -0.79783046
vn 0.16012818 -0.23750705 -0.95809674
vn 0.16018066 -0.23748197 -0.95809418
vn 0.16011105 -0.23751475 -0.9580977
vn 0.16011453 -0.23751304 -0.95809752
vn 0.16010241 -0.23751904 -0.95809805
vn -0.045480102 -0.33801934 0.94003963
vn 0.70016694 0.19242926 -0.68755889
vn 0.86379743 -0.43028545 0.26212299
vn 0.61153793 0.22580662 -0.75830913
vn 0.61152405 0.22583842 -0.75831085
vn 0.61153412 0.2258161 -0.75830936
vn 0.61152875 0.22582436 -0.75831127
vn 0.87903714 -0.21675116 -0.42463228
vn 0.11967455 -0.3475298 0.93000054
vn 0.13567737 -0.31124631 0.94059414
vn 0.13563015 -0.311268 0.94059378
vn 0.13565256 -0.31125757 0.94059402
vn 0.13565587 -0.31125596 0.94059408
vn 0.32975131 -0.89265996 -0.30728206
vn 0.35361683 -0.88662666 0.29807433
vn 0.88333738 -0.40623978 -0.23384675
vn 0.26554066 -0.77341956 -0.57559562
vn 0.43834093 -0.32758671 -0.83698517
vn -0.1281883 -0.96348983 -0.23506413
vn -0.00021167594 0.97433943 0.22508366
vn -0.93858707 -0.34132901 -0.050485346
vn -0.43490604 -0.89847749 0.059957728
vn -0.58901298 -0.78806531 -0.17893238
vn 0.12562621 0.91253453 0.3892284
vn 0.10635138 0.87019199 0.48109794
vn -0.94384944 -0.32271081 0.070752397
vn 0.38130617 0.80212849 0.45956004
vn -0.82521683 -0.51527923 -0.23131044
vn -0.79279798 -0.52531749 -0.3090516
vn 0.35704407 0.84839875 0.39081842
vn -0.85335255 -0.45881161 -0.24755067
vn 0.74331117 -0.088010713 -0.66313094
vn 0.7241447 -0.050647266 -0.6877858
vn 0.96431434 -0.15504237 0.21461536
vn 0.113503 -0.13563691 0.98423558
vn -0.0019070915 -0.14518221 0.98940307
vn -0.0020349436 -0.14511664 0.98941249
vn -0.0021506094 -0.14505728 0.98942095
vn -0.0021492096 -0.14505798 0.98942083
vn 0.96604717 -0.17584457 0.18929215
vn 0.12365796 -0.083389975 0.98881483
vn -0.0064693447 -0.047318403 0.99885893
vn -0.11392769 0.077342622 0.99047393
vn 0.47587171 -0.02100379 0.87926388
vn -0.010001007 0.84385222 0.53648245
vn -0.073664635 0.44062158 -0.89466536
vn -0.98765141 0.15510516 0.022069486
vn -0.59728688 0.10839053 -0.79466969
vn -0.64205146 0.04508638 0.76533467
vn 0.9988091 0.014231349 -0.046667237
vn 0.51850641 0.11476494 -0.84733707
vn 0.14897615 -0.0010660319 -0.98884022
vn 0.99939543 -0.029955875 -0.017645814
vn -0.67109329 0.083039604 0.73670775
vn -0.96743733 0.17385359 -0.18395635
vn 0.18883286 -0.061840609 0.98006016
vn -0.51987183 0.25937635 -0.81391472
vn 0.9995535 -0.013065153 0.026871607
vn -0.51365125 -0.050595928 -0.85650599
vn 0.58450711 -0.012216777 0.81129658
vn 0.48148298 -0.4045586 -0.77750015
vn -0.42473164 -0.54188746 -0.72523171
vn 0.5051797 -0.39436334 0.76763994
vn -0.9992823 0.014760145 -0.034885403
vn -0.5475474 -0.061971042 0.83447677
vn 0.64796168 0.12684318 -0.75103694
vn -0.53180969 -0.17544854 0.82849032
vn -0.97362757 -0.060136754 -0.22007477
vn 0.43422461 -0.59044796 0.68030894
vn -0.79606456 -0.59219104 -0.12486395
vn -0.47304735 -0.68750846 0.55096126
vn 0.91508102 -0.40080053 -0.044560838
vn 0.12308798 0.97092313 0.20532328
vn 0.9953618 -0.086345233 0.042419612
vn -0.31776369 -0.020320477 -0.94795215
vn 0.49244785 -0.047887094 -0.86902356
vn 0.15364473 -0.13245434 0.97920841
vn -0.0029708096 -0.99993145 -0.011327282
vn -0.0095538618 -0.99988699 -0.011604935
vn -0.010152649 -0.99978244 -0.018221691
vn 0.039093144 -0.9992342 0.0016545714
vn 0.040049784 -0.99919289 0.0031021573
vn 0.038171295 -0.99926537 0.0034186568
vn -0.014080917 -0.9999007 -0.00057296292
vn -0.015944583 -0.99986106 -0.004859353
vn -0.0097512919 -0.99995005 -0.0022056676
vn 0.11727997 0.91793752 -0.37899351
vn 0.11998945 -0.68161261 0.72180796
vn -0.97434121 0.20668992 0.089098312
vn 0.993029 0.10394623 0.05557495
vn -0.42739505 0.87431014 0.23003326
vn 0.042657144 -0.99908876 -0.0014233696
vn 0.03863769 -0.99925327 -0.00016296339
vn 0.043680564 -0.99904525 0.00075184857
vn 0.040302545 -0.99918729 -0.00065138051
vn 0.039535273 -0.99921733 0.0012975328
vn -0.98920584 0.033681151 -0.14260927
vn -0.0040995753 -0.99997735 0.0053351191
vn -0.005242323 -0.99998587 0.00088077562
vn -0.011901638 -0.99992901 0.00051503768
vn -0.0096420087 -0.99995065 0.0023967002
vn -0.0047332966 -0.99996126 0.0074222414
vn -0.96884406 0.16490023 0.18479486
vn -0.47765261 -0.2350779 0.84651423
vn -0.41502643 0.30772495 0.8561883
vn -0.30389935 0.93938106 -0.15877143
vn -0.35428545 -0.23665056 -0.9046979
vn -0.95152944 -0.16587615 0.25899196
vn -0.52985275 0.012375989 0.84799933
vn -0.84209347 0.041319218 0.53774655
vn -0.095951632 -0.9433316 -0.31767717
vn -0.2931481 -0.47535166 -0.82952094
vn -0.71156907 -0.58796102 -0.38467047
vn -0.71276486 -0.63527256 -0.29731312
vn -0.31778419 -0.9462353 0.060431711
vn -0.27785942 0.18243535 -0.94313914
vn -0.95769465 -0.22153008 0.18369928
vn -0.92878997 0.30489692 -0.21068236
vn -0.97334957 0.09717226 -0.20772138
vn -0.19418044 -0.91270459 -0.35953349
vn 0.049231786 -0.74175882 0.66885728
vn 0.7398634 0.14752632 -0.65638262
vn -0.6296522 0.039885696 0.77585262
vn -0.99114996 0.10849388 0.076490596
vn 0.60220897 0.038839325 0.7973932
vn 0.99839973 0.040801678 -0.039155915
vn -0.53664565 0.22917451 -0.81209016
vn 0.7006709 0.08985164 -0.70780432
vn -0.62104696 -0.074207507 0.78025252
vn -0.99866909 0.041679524 0.03037825
vn 0.4983539 -0.25270823 0.82932621
vn 0.99962616 0.0098259095 -0.025513882
vn -0.58949125 0.18666542 -0.78591096
vn -0.3925468 0.00095444242 -0.91973156
vn 0.61906886 -0.0013880944 -0.78533548
vn -0.94473439 -0.0083709341 -0.32772991
vn 0.24895979 -0.067813694 -0.96613681
vn 0.046179265 -0.99891359 -0.0062522008
vn 0.04366117 -0.99898887 -0.010720337
vn 0.99949068 0.021918448 0.023194918
vn 0.99941367 0.022768496 0.025572015
vn 0.99937826 0.025232159 0.024625715
vn 0.99957621 0.015446207 0.024673505
vn 0.99955606 0.017847953 0.023857104
vn 0.99947602 0.018893946 0.026280811
vn 0.69522595 0.26804653 0.66694224
vn -0.01469142 -0.12636147 -0.99187547
vn 0.12578812 0.98794138 0.090272799
vn 0.0080431541 0.97554201 -0.21966587
vn -0.083740443 -0.97300309 0.21506391
vn -0.15930244 -0.94855779 -0.27360716
vn 0.14577451 0.96916306 0.19867761
vn 0.61684978 0.26651353 0.74058551
vn -0.25973848 -0.89314157 -0.36719754
vn 0.17357522 -0.9004119 0.39891109
vn 0.01473459 0.98413795 -0.1767918
vn 0.067221008 0.035374977 -0.99711078
vn -0.092763454 -0.06771493 -0.99338293
vn -0.024266839 0.94512624 -0.32580292
vn -0.16673808 -0.98378247 0.066109784
vn 0.026969036 -0.99502981 0.095855668
vn -0.029816629 0.98917276 0.14369477
vn 0.60039562 0.2259447 0.76712066
vn 0.30380684 -0.95259696 0.016137425
vn -0.37538779 0.8784129 0.29576135
vn 0.46622509 0.16024856 0.87003136
vn -0.18796206 -0.069065385 -0.97974497
vn -0.13622086 0.92207009 -0.36225772
vn -0.016145667 -0.997289 -0.071791016
vn 0.16423954 -0.0028403474 0.9864164
vn 0.2299906 0.031450082 0.97268456
vn -0.703076 -0.23989116 -0.66942984
vn -0.73458099 -0.19940498 -0.64855868
vn -0.88267404 -0.19465216 0.42778164
vn -0.85487747 -0.26589781 -0.44551417
vn -0.87784123 -0.28526518 0.38473186
vn -0.082445674 -0.040089004 -0.99578893
vn 0.16450112 0.039078481 0.9856025
vn 0.25743422 -0.95898086 -0.11867308
vn -0.36607262 0.85999119 -0.35553622
vn 0.28522295 -0.92587 0.24781576
vn -0.31033128 0.93466896 0.17346026
vn -0.18171374 -0.96500576 0.189061
vn 0.069215596 -0.98410583 0.16353874
vn -0.13452312 -0.98959118 -0.051115241
vn -0.041405033 0.98166758 0.18604946
vn 0.025583917 0.98660445 0.16111213
vn 0.12389718 0.98626631 0.10921654
vn -0.53459495 -0.47016788 0.70224667
vn -0.12813824 -0.90824234 0.39834216
vn -0.37417746 -0.39424145 0.83938366
vn -0.44972107 0.028172269 0.89272463
vn -0.4150773 -0.46832195 0.77999067
vn -0.43677476 0.14058925 0.88851702
vn -0.8704809 -0.28990442 -0.39776674
vn -0.85053515 -0.37344486 -0.37030917
vn -0.97944516 -0.18758099 -0.07416565
vn -0.9561246 -0.12725331 -0.26387948
vn -0.98786843 -0.13673386 -0.07361947
vn 0.55141854 -0.062364899 -0.83189434
vn 0.17839976 0.96970689 0.16685937
vn 0.46673775 -0.87646174 -0.11819781
vn -0.18619521 0.97726196 0.10144161
vn 0.057426814 -0.99518299 0.079454213
vn 0.11971339 -0.90266383 -0.41336021
vn -0.078048274 0.99584645 -0.046885669
vn -0.3067497 -0.95036328 0.052098077
vn 0.24004941 0.97060764 -0.017237401
vn 0.43340662 -0.13141964 0.89156467
vn 0.43450925 -0.046838634 -0.89944863
vn -0.45216784 -0.026597813 -0.89153624
vn 0.99290895 -0.086435698 0.081612892
vn -0.97681344 -0.061710004 -0.2050059
vn -0.56483781 -0.17306405 0.80685014
vn 0.38851967 0.86969423 0.30444106
vn -0.40269685 -0.90652174 -0.12670261
vn 0.061282262 0.8786456 0.47352546
vn -0.15967239 -0.88663721 -0.43402675
vn 0.25089455 0.84808588 0.46669289
vn 0.25707626 -0.9520874 -0.16565433
vn 0.65781355 -0.75301683 -0.015715672
vn 0.12304255 0.9139595 0.38670221
vn -0.05841836 -0.94046742 -0.33482587
vn 0.015721928 0.98568094 0.16788664
vn 0.011968108 -0.99595618 -0.089039817
vn -0.1344654 0.76020324 0.63561785
vn 0.35427594 -0.11550451 0.92798018
vn 0.46884364 -0.0011106875 -0.88328046
vn -0.39614591 -0.046141218 -0.91702747
vn 0.99597013 -0.0097815571 0.089150228
vn -0.9640432 -0.1343831 -0.22926387
vn -0.55645549 -0.22636892 0.79944634
vn -0.59862465 0.80025995 0.035107512
vn -0.11486789 -0.97923696 -0.1670339
vn -0.15712263 0.96884733 -0.19143496
vn 0.33999777 -0.74890023 -0.56881452
vn 0.17567226 -0.96125907 0.21241543
vn -0.0310132 0.9726429 0.23022588
vn -0.044320241 -0.98587632 -0.16150425
vn -0.00034454543 -0.99561447 -0.093550503
vn 0.11959924 0.97210503 0.20176178
vn 0.42909083 0.89647025 0.1105541
vn -0.46013072 -0.74558431 0.48206198
vn -0.32031429 -0.92816776 -0.18948168
vn 0.259426 -0.18898511 0.94709176
vn 0.45151699 -0.082456432 -0.88844436
vn -0.38023964 0.045820571 -0.92375231
vn 0.97704774 -0.20865022 0.042928472
vn -0.97690248 0.064143807 -0.20383097
vn -0.55509061 -0.12693225 0.82204783
vn 0.91827404 0.30595607 0.25132388
vn 0.14116347 0.93929476 0.312727
vn -0.94649762 -0.31512439 -0.069562368
vn 0.4312588 0.77543592 -0.46121031
vn 0.3578634 0.49385652 0.79248947
vn -0.22382087 -0.59698707 -0.77039647
vn -0.48125491 -0.61625123 0.62340051
vn -0.15192764 0.93403757 -0.32325193
vn -0.88430512 0.44915137 0.12754436
vn 0.97283357 0.20715892 0.10334407
vn -0.18023932 -0.15683733 0.97103852
vn -0.86168712 0.5006783 -0.082562476
vn 0.20441617 0.93196964 0.29941037
vn -0.022103781 0.9749254 0.22143139
vn -0.4348557 0.59454775 -0.67632347
vn 0.95300597 0.28960478 0.088931128
vn -0.046996318 -0.21966319 0.97444314
vn 0.27465785 0.67122149 -0.68849462
vn 0.16355459 0.89555126 0.41380888
vn -0.4011884 0.83368951 0.37948596
vn -0.3986384 0.83176881 0.38632643
vn -0.20181637 0.17919038 0.962892
vn 0.069014318 0.41198862 -0.9085716
vn 0.14093339 0.89443159 0.42441711
vn -0.98744881 0.10591782 -0.11715907
vn 0.99814057 0.056206178 0.023585837
vn -0.012114734 -0.052194797 0.99856341
vn -0.06399437 -0.0076834196 -0.99792069
vn -0.09542235 -0.99532121 -0.015174236
vn 0.020603687 0.41493237 -0.90961891
vn -0.064669035 -0.39675447 0.91564393
vn -0.06382414 -0.39512235 0.91640866
vn -0.20755462 0.97644603 0.058942664
vn -0.088426054 0.99472964 0.051901154
vn -0.045029771 0.99632818 0.0728181
vn -0.025954651 0.99438661 0.10257524
vn 0.030375382 0.99947268 0.011474455
vn -0.022751307 0.97668117 0.21348599
vn 0.4894444 -0.36188743 -0.7933988
vn 0.11472131 0.040897209 0.9925555
vn -0.93965811 -0.34207815 0.0050152997
vn -0.34341434 0.075239517 0.93616539
vn 0.92424834 -0.38069791 -0.028880486
vn -0.25441054 -0.38797331 -0.88586229
vn -0.83135909 -0.46181542 -0.30914164
vn 0.01129452 0.99693042 0.077474006
vn -0.027160702 0.99939615 0.021671971
vn 0.92246675 -0.32953486 0.20115121
vn -0.170497 -0.25635681 0.95142627
vn -0.32720551 -0.93764913 -0.11726326
vn 0.023088675 -0.9943099 -0.10399385
vn -0.202085 -0.36571234 -0.90852416
vn 0.010997427 -0.95737886 -0.28862563
vn -0.21007374 -0.29811683 -0.93112588
vn -0.053381819 -0.16552453 0.98475987
vn -0.13768756 -0.98810893 -0.068431303
vn -0.29710206 -0.93863446 0.17520209
vn 0.74686879 -0.043639813 -0.66353792
vn 0.74686921 -0.043639995 -0.66353744
vn -0.19045585 0.67704523 -0.71087009
vn 0.27519411 0.18529475 0.94336319
vn 0.10654693 0.79107028 0.60237497
vn -0.15346824 -0.048216231 -0.98697656
vn -0.99719739 -0.052873518 -0.052931301
vn -0.99356133 -0.056604676 -0.098141849
vn -0.4169057 -0.16921204 0.89306045
vn -0.951626 -0.16203709 0.26105919
vn -0.5002951 -0.060888886 0.86371136
vn -0.44390699 -0.27351761 0.85330808
vn -0.9416886 -0.11440495 0.31643981
vn -0.55705684 -0.080447368 0.82656878
vn 0.94263786 0.11301377 -0.31410459
vn 0.5746913 0.081237569 -0.81432819
vn -0.14358261 0.96750849 0.20811376
vn -0.12120464 0.98053557 0.15446481
vn 0.037954137 0.94725543 0.31822419
vn -0.040517565 -0.94695228 -0.31880975
vn 0.39259827 -0.91915369 -0.031985734
vn 0.038785547 0.99718517 0.06416674
vn 0.3378444 0.89264274 0.29841259
vn -0.20778707 -0.95561159 -0.20888032
vn -0.30423957 -0.70345283 -0.64233357
vn -0.28964347 -0.10542462 -0.95131081
vn -0.41492632 -0.39207569 0.82104373
vn -0.89766133 0.029121416 -0.43972275
vn -0.17028823 0.91990495 0.3532376
vn 0.90488762 -0.083558708 0.41736838
vn 0.11009167 -0.96228999 -0.24875259
vn -0.34025234 0.29063463 0.89429295
vn -0.96864688 -0.050941695 -0.24316286
vn -0.95668197 -0.18583715 0.2241074
vn -0.35832435 0.30933052 -0.88086224
vn -0.33768469 0.90115666 -0.27181917
vn -0.27893537 0.93571895 0.21592857
vn -0.38119024 0.90386152 0.19423792
vn -0.37217626 0.39707661 -0.83893681
vn -0.93191946 0.32581419 0.15928341
vn -0.9331463 0.29536489 -0.20493302
vn -0.37091571 0.38363782 -0.84572077
vn -0.34907195 0.87121481 -0.34515721
vn -0.35797104 0.29426879 -0.88615042
vn -0.29061785 0.9291327 0.22859074
vn -0.3828229 0.074017517 0.92085177
vn -0.52260458 0.26836044 0.80923861
vn -0.45769429 0.083473086 0.88518256
vn -0.95686901 0.14642064 0.25092363
vn -0.35010159 0.35536459 -0.86668617
vn -0.94904888 0.19158734 -0.25020099
vn -0.34920639 0.3698279 -0.86097747
vn -0.54930371 0.81652868 -0.17761281
vn -0.33399233 0.90642893 0.25852594
vn -0.32491165 0.80283028 0.49989593
vn -0.719868 0.50758713 -0.47343996
vn -0.74500024 0.65820169 0.10837512
vn -0.43837932 0.40959719 -0.80003357
vn -0.1269892 0.98934734 -0.071172625
vn -0.32610735 0.93160939 -0.1604927
vn -0.34885228 0.82916319 -0.43679577
vn -0.16968702 0.78572738 -0.59484357
vn -0.88621533 0.43596253 0.15671343
vn -0.90585494 0.15328985 -0.39487854
vn -0.49817643 0.13945583 -0.85578752
vn -0.31388113 0.74977887 0.5825035
vn -0.41300333 -0.32494614 -0.85078686
vn -0.35710564 0.79594892 0.48881578
vn -0.87591887 0.45721459 0.15401593
vn -0.93253171 -0.04524656 -0.35824198
vn -0.91489923 -0.14030693 -0.37851474
vn -0.44950071 -0.65988457 -0.60208094
vn -0.49520889 0.79251188 0.35593972
vn -0.82818818 0.54171145 0.14371184
vn -0.83808118 0.5065102 -0.2026508
vn -0.93499368 -0.27679145 -0.22175044
vn -0.5942933 -0.74665767 -0.29886085
vn -0.56787181 0.79588616 -0.20996857
vn 0.12751012 -0.98935121 0.070181102
vn 0.12838759 -0.98925716 0.069906175
vn 0.12771448 -0.9893294 0.070117012
vn 0.12750091 -0.98935217 0.070183948
vn 0.32697406 -0.93140578 0.15990995
vn 0.34954992 -0.82869905 0.43711865
vn 0.16985135 -0.78500992 0.59574318
vn 0.16970038 -0.78505474 0.59572715
vn 0.16978656 -0.78502983 0.59573537
vn 0.16974053 -0.78502941 0.59574914
vn -0.47059855 -0.00016328691 0.8823474
vn -0.47060093 -0.00016247081 0.88234615
vn -0.4705998 -0.00015939742 0.88234675
vn -0.47060245 -0.00016167387 0.88234532
vn -0.91981333 -0.199048 0.33811727
vn -0.8751418 -0.42064792 -0.23912796
vn -0.48592675 -0.58544815 -0.64894199
vn -0.48592347 -0.58544385 -0.64894831
vn -0.48592952 -0.58542794 -0.64895815
vn -0.48592919 -0.58542293 -0.64896291
vn -0.74854612 -0.060868248 -0.66028315
vn -0.39498603 0.46974194 -0.78951162
vn -0.74491912 0.14323035 -0.65159845
vn -0.59485996 -0.28503454 -0.75159621
vn 0.22710313 -0.96429443 -0.13623652
vn 0.22706303 -0.96429557 -0.13629547
vn 0.22708249 -0.96429282 -0.13628221
vn 0.22713061 -0.96428996 -0.13622259
vn 0.25136998 -0.67683321 0.69188863
vn 0.25137618 -0.67684031 0.69187951
vn 0.25136933 -0.67683238 0.69188976
vn 0.25137699 -0.67684114 0.69187832
vn 0.44918031 -0.89049506 0.072495453
vn 0.55066985 -0.74031889 0.38560417
vn -0.87507027 0.4500941 0.177953
vn -0.90351546 0.14365533 -0.40376103
vn -0.48251486 0.13958973 -0.86469311
vn -0.32393128 0.75432926 0.57101303
vn 0.87497449 -0.45165956 -0.17442271
vn 0.90048259 -0.15396245 0.40672678
vn 0.50054324 -0.13896325 0.85448563
vn 0.50054407 -0.13896395 0.85448503
vn 0.5005554 -0.13894601 0.85448134
vn 0.50056499 -0.13894145 0.85447645
vn 0.31447828 -0.75093019 -0.58069551
vn 0.31447878 -0.75093406 -0.58069021
vn 0.31446052 -0.75092268 -0.58071482
vn 0.31447858 -0.75093514 -0.58068895
vn -0.32504806 -0.94084889 0.095640481
vn -0.25176385 -0.65954405 0.70824897
vn -0.25175405 -0.65955263 0.7082445
vn -0.25175259 -0.65956205 0.70823622
vn -0.25174516 -0.65956604 0.70823509
vn -0.49872625 -0.82450318 0.26733252
vn -0.18144037 -0.98261726 0.039277304
vn -0.18143529 -0.98261797 0.039283123
vn -0.1814443 -0.98261672 0.03927201
vn -0.18144675 -0.98261636 0.03927004
vn 0.31440222 0.93771303 -0.14780241
vn 0.20508432 0.65094346 -0.7308988
vn 0.20507784 0.65095472 -0.73089057
vn 0.20508157 0.65094668 -0.73089665
vn 0.20508321 0.65094346 -0.7308991
vn 0.44158182 0.85814351 -0.26190686
vn 0.16860326 0.98508054 -0.034485523
vn 0.16860271 0.9850806 -0.034485977
vn 0.16862737 0.9850775 -0.034454796
vn 0.16860171 0.98508078 -0.034487352
vn -0.88757896 0.43896675 0.13968463
vn -0.89988214 0.1592305 -0.40602684
vn -0.40871429 0.12997068 -0.90336055
vn -0.31639796 0.7562775 0.57265759
vn 0.88725489 -0.4418655 -0.13241437
vn 0.8980698 -0.16803789 0.4064897
vn 0.39664313 -0.12567557 0.90932935
vn 0.39664623 -0.12568125 0.90932721
vn 0.39664459 -0.1256649 0.90933019
vn 0.39662558 -0.12567905 0.90933657
vn 0.30350828 -0.75264257 -0.58430457
vn 0.30353352 -0.75265956 -0.58426958
vn 0.30353627 -0.75265342 -0.58427608
vn 0.30351681 -0.7526443 -0.58429796
vn -0.37989566 -0.90004021 0.21355781
vn -0.27151287 -0.6600771 0.70041341
vn -0.2715022 -0.66008872 0.70040667
vn -0.27150825 -0.66007584 0.70041639
vn -0.27150464 -0.6600886 0.70040578
vn -0.47866488 -0.81735945 0.32062986
vn -0.20768964 -0.97769529 -0.031255439
vn -0.20770307 -0.97769195 -0.031271014
vn -0.20771092 -0.97769016 -0.031274684
vn -0.20769434 -0.97769421 -0.031259336
vn 0.36081347 0.90555882 -0.22310725
vn 0.28338706 0.66965759 -0.68647683
vn 0.28337416 0.66967136 -0.68646878
vn 0.28337598 0.6696716 -0.68646777
vn 0.28339195 0.66964769 -0.68648446
vn 0.43119207 0.83979493 -0.32987547
vn 0.24995992 0.96825051 -0.0033129898
vn 0.24996227 0.96824992 -0.0033079747
vn 0.24995881 0.96825081 -0.0033120119
vn 0.2499751 0.9682467 -0.003286503
vn -0.23215708 0.016044537 0.97254598
vn -0.23146847 0.015640797 0.97271669
vn -0.20464274 -0.015722077 0.97871047
vn -0.18684369 0.013853009 0.982292
vn -0.1436961 0.0087887328 0.98958284
vn -0.09782172 0.0079585342 0.99517214
vn -0.11539009 0.027600206 0.99293673
vn -0.097892776 0.010275338 0.99514395
vn 0.63581198 -0.043555763 0.77061403
vn 0.64001644 -0.045146845 0.7670337
vn 0.63974309 -0.041839425 0.76744914
vn 0.63960141 -0.045605246 0.7673527
vn -0.97702473 0.13882346 -0.16171187
vn -0.9828288 0.13684371 -0.1237794
vn -0.98280346 0.13686414 -0.12395786
vn -0.97690654 0.15966305 -0.14199068
vn -0.091783144 0.094549917 -0.99128008
vn -0.14881091 0.097454816 -0.98405176
vn -0.11446002 0.1296262 -0.98493451
vn -0.14925449 0.097460546 -0.98398399
vn -0.66700631 0.13127899 0.7333951
vn -0.67753899 0.14785235 0.72047251
vn -0.68564409 0.13410242 0.71547794
vn -0.66707617 0.13129081 0.73332947
vn -0.26537248 0.16259779 -0.95033646
vn -0.2760233 0.15358569 -0.94880062
vn -0.27600035 0.15358588 -0.94880724
vn -0.25975084 0.1524678 -0.95356333
vn 0.11560731 -0.0093223965 0.99325126
vn 0.097821653 0.007958537 0.99517214
vn 0.097892724 0.01027534 0.99514395
vn 0.14377297 0.0074426262 0.98958272
vn -0.64004642 -0.045173801 0.76700711
vn -0.63686168 -0.044848304 0.76967257
vn -0.63597465 -0.044089418 0.77044946
vn -0.6396448 -0.045679811 0.76731211
vn 0.98205519 0.11447422 -0.14987731
vn 0.98280346 0.13686411 -0.12395779
vn 0.9828288 0.1368437 -0.12377933
vn 0.97696197 0.13914107 -0.16181815
vn 0.11485037 0.058524586 -0.99165732
vn 0.091599666 0.094688304 -0.99128383
vn 0.14881089 0.097454868 -0.98405176
vn 0.14925449 0.097460605 -0.98398399
vn 0.66700631 0.13127902 0.7333951
vn 0.68567979 0.13404866 0.7154538
vn 0.66707611 0.13129084 0.73332953
vn 0.68164474 0.11734437 0.72221243
vn 0.25970998 0.15265419 -0.95354468
vn 0.27602315 0.1535857 -0.94880062
vn 0.26710036 0.14321519 -0.95296735
vn 0.27600551 0.15352547 -0.94881552
vn -0.38197029 0.91150749 0.15248856
vn -0.42401445 0.90498888 -0.034740128
vn 0.018407252 0.92981619 -0.36756366
vn -0.018409006 0.92981619 -0.36756364
vn 0.42401451 0.90498888 -0.034740124
vn 0.381971 0.91150719 0.15248851
vn 0.26040503 0.87835592 0.40084919
vn 0.010001007 0.84385222 0.53648245
vn 0.97201622 -0.23148827 -0.039970629
vn 0.96995378 -0.23930225 -0.043864943
vn 0.97395706 -0.22391325 -0.035644583
vn 0.97214061 -0.23302595 -0.025329344
vn -0.97079957 -0.23639385 -0.040817771
vn -0.97028208 -0.23536891 -0.056162387
vn -0.97092855 -0.23799546 -0.025610343
vn -0.9699676 -0.23813525 -0.049542863

# Mesh 'Main_Mesh' with 2106 faces
g Main_Mesh
usemtl Material
f  1/1/1 2/2/1 3/3/1
f  3/4/2 4/5/2 5/6/2
f  3/4/2 5/6/2 1/7/2
f  6/8/3 7/9/3 8/10/3
f  7/9/3 9/11/3 8/10/3
f  10/12/4 11/13/4 12/14/4
f  13/15/4 12/14/4 11/13/4
f  14/16/5 15/17/5 16/18/5
f  15/17/5 14/16/5 17/19/5
f  18/20/6 19/21/6 4/5/6
f  4/5/6 19/21/6 5/6/6
f  5/6/7 19/21/7 20/22/7
f  5/6/7 20/22/7 10/12/7
f  16/18/8 7/9/8 14/16/8
f  7/9/8 16/18/8 9/11/8
f  1/7/9 5/6/9 10/12/9
f  1/7/9 10/12/9 12/14/9
f  1/1/10 21/23/10 2/2/10
f  21/23/10 1/1/10 12/24/10
f  17/19/11 22/25/11 15/17/11
f  22/25/11 17/19/11 23/26/11
f  24/27/12 18/20/12 25/28/12
f  25/28/12 18/20/12 4/5/12
f  26/29/13 25/28/13 4/5/13
f  26/29/13 4/5/13 3/4/13
f  22/25/14 3/3/14 15/17/14
f  3/3/14 22/25/14 26/30/14
f  15/17/15 2/2/15 16/18/15
f  2/2/15 15/17/15 3/3/15
f  16/18/16 21/23/16 9/11/16
f  21/23/16 16/18/16 2/2/16
f  27/31/17 28/32/17 29/33/17
f  28/32/17 27/31/17 13/34/17
f  30/35/18 28/32/18 31/36/18
f  28/32/18 30/35/18 29/33/18
f  8/10/19 30/37/19 31/38/19
f  9/11/19 30/37/19 8/10/19
f  13/15/20 27/39/20 12/14/20
f  21/40/21 32/41/21 9/42/21
f  21/40/22 12/43/22 33/44/22
f  34/45/23 29/33/23 35/46/23
f  29/33/23 34/45/23 27/31/23
f  35/46/24 30/35/24 36/47/24
f  30/35/24 35/46/24 29/33/24
f  36/48/25 30/49/25 37/50/25
f  30/49/25 9/51/25 37/50/25
f  12/14/26 27/39/26 38/52/26
f  38/52/26 27/39/26 34/53/26
f  36/48/27 39/54/27 40/55/27
f  39/54/27 36/48/27 37/50/27
f  41/56/28 36/47/28 40/57/28
f  36/47/28 41/56/28 35/46/28
f  42/58/29 35/46/29 41/56/29
f  35/46/29 42/58/29 34/45/29
f  38/52/30 42/59/30 43/60/30
f  42/59/30 38/52/30 34/53/30
f  44/61/31 33/44/31 45/62/31
f  44/61/31 21/40/31 33/44/31
f  37/50/32 46/63/32 39/54/32
f  46/63/32 37/50/32 32/64/32
f  47/65/33 48/66/33 49/67/33
f  47/65/33 49/67/33 50/68/33
f  51/69/34 50/70/34 52/71/34
f  52/71/34 50/70/34 49/72/34
f  53/73/35 54/74/35 55/75/35
f  54/74/35 53/73/35 56/76/35
f  57/77/36 58/78/36 59/79/36
f  58/78/36 60/80/36 59/79/36
f  57/81/37 51/69/38 58/82/39
f  58/82/39 51/69/38 52/71/39
f  61/83/40 62/84/40 55/75/40
f  62/84/40 53/73/40 55/75/40
f  55/75/41 63/85/41 64/86/41
f  63/85/41 55/75/41 54/74/41
f  59/79/42 65/87/42 57/77/42
f  66/88/42 57/77/42 65/87/42
f  57/81/43 66/89/44 67/90/44
f  57/81/43 67/90/44 51/69/45
f  55/75/46 64/86/46 61/83/46
f  68/91/46 61/83/46 64/86/46
f  69/92/47 47/65/47 50/68/47
f  69/92/47 50/68/47 70/93/47
f  70/94/48 50/70/48 51/69/48
f  51/69/48 67/90/48 70/94/48
f  62/84/49 46/95/49 53/73/49
f  46/95/49 44/61/49 53/73/49
f  58/82/50 52/71/50 40/57/50
f  40/57/50 52/71/50 41/56/50
f  58/78/51 40/55/51 60/80/51
f  40/55/51 39/54/51 60/80/51
f  44/61/52 56/76/52 53/73/52
f  56/76/52 44/61/52 45/62/52
f  52/71/53 49/72/53 41/56/53
f  41/56/53 49/72/53 42/58/53
f  48/66/54 43/60/54 42/59/54
f  48/66/54 42/59/54 49/67/54
f  62/96/55 60/80/55 39/54/55
f  39/54/55 46/63/55 62/96/55
f  65/87/56 59/79/56 68/97/56
f  59/79/56 61/98/56 68/97/56
f  61/98/57 59/79/57 60/80/57
f  60/80/57 62/96/57 61/98/57
f  32/41/58 44/61/58 46/95/58
f  44/61/58 32/41/58 21/40/58
f  45/99/59 43/60/59 56/100/59
f  56/100/59 43/60/59 48/66/59
f  63/101/60 47/65/60 69/92/60
f  63/101/60 54/102/60 47/65/60
f  56/100/61 47/65/61 54/102/61
f  47/65/61 56/100/61 48/66/61
f  45/99/62 33/103/62 38/52/62
f  45/99/62 38/52/62 43/60/62
f  9/104/63 32/105/63 37/106/63
f  33/44/64 12/43/64 38/107/64
f  71/108/65 72/109/66 73/110/67
f  72/109/66 71/108/65 74/111/68
f  75/112/69 76/113/70 77/114/71
f  76/113/70 75/112/69 78/115/72
f  79/116/73 74/111/74 71/108/75
f  74/111/74 79/116/73 80/117/76
f  81/118/77 71/108/77 82/119/77
f  71/108/77 81/118/77 79/116/77
f  76/113/78 83/120/78 73/121/78
f  83/120/78 76/113/78 84/122/78
f  84/122/79 78/115/79 85/123/79
f  78/115/79 84/122/79 76/113/79
f  82/119/80 73/110/80 83/124/80
f  73/110/80 82/119/80 71/108/80
f  86/125/81 83/124/81 87/126/81
f  83/124/81 86/125/81 82/119/81
f  88/127/82 82/119/83 86/125/84
f  82/119/83 88/127/82 81/118/85
f  89/128/86 83/120/86 84/122/86
f  83/120/86 89/128/86 87/129/86
f  89/128/87 85/123/87 90/130/87
f  85/123/87 89/128/87 84/122/87
f  91/131/88 23/132/88 17/133/88
f  23/132/88 91/131/88 92/134/88
f  93/135/89 14/136/89 7/137/89
f  14/136/89 93/135/89 94/138/89
f  94/138/90 17/133/90 14/136/90
f  17/133/90 94/138/90 91/131/90
f  95/139/91 69/140/91 96/141/91
f  69/140/91 95/139/91 63/142/91
f  65/143/92 97/144/92 66/145/92
f  97/144/92 65/143/92 98/146/92
f  67/147/93 66/145/93 97/144/93
f  67/147/93 97/144/93 99/148/93
f  65/143/94 68/149/94 100/150/94
f  65/143/94 100/150/94 98/146/94
f  101/151/95 96/141/95 69/140/95
f  69/140/95 70/152/95 101/151/95
f  67/147/96 101/151/96 70/152/96
f  101/151/96 67/147/96 99/148/96
f  68/149/97 64/153/97 102/154/97
f  68/149/97 102/154/97 100/150/97
f  63/142/98 102/154/98 64/153/98
f  102/154/98 63/142/98 95/139/98
f  76/113/99 72/155/100 77/114/101
f  72/155/100 76/113/99 73/121/102
f  6/8/103 8/10/103 31/38/103
f  85/156/104 103/157/104 104/158/104
f  89/159/105 105/160/105 87/161/105
f  105/160/105 89/159/105 106/162/105
f  105/160/106 107/163/106 86/164/106
f  86/164/106 87/161/106 105/160/106
f  107/163/107 108/165/108 88/166/109
f  107/163/107 88/166/109 86/164/110
f  90/167/111 106/162/111 89/159/111
f  106/162/111 90/167/111 109/168/111
f  109/169/112 85/156/112 104/158/112
f  85/156/112 109/169/112 90/170/112
f  110/171/113 91/172/113 94/173/113
f  91/172/113 110/171/113 111/174/113
f  112/175/114 94/176/114 93/177/114
f  94/176/114 112/175/114 110/178/114
f  111/174/115 92/179/115 91/172/115
f  92/179/115 111/174/115 113/180/115
f  114/181/116 23/132/117 92/134/118
f  23/132/117 114/181/116 75/182/119
f  115/183/120 116/184/120 117/185/120
f  117/185/120 116/184/120 118/186/120
f  119/187/121 120/188/121 121/189/121
f  122/190/122 123/191/122 121/192/122
f  123/191/122 119/193/122 121/192/122
f  117/185/123 118/186/123 124/194/123
f  124/194/123 125/195/123 126/196/123
f  125/195/123 124/194/123 118/186/123
f  127/197/124 128/198/124 129/199/124
f  128/198/124 127/197/124 130/200/124
f  131/201/125 132/202/125 133/203/125
f  132/202/125 131/201/125 125/204/125
f  129/199/126 121/205/126 127/197/126
f  121/205/126 129/199/126 122/206/126
f  127/197/127 134/207/127 135/208/127
f  135/208/127 130/200/127 127/197/127
f  125/195/128 118/186/128 132/209/128
f  116/184/129 136/210/129 118/186/129
f  118/186/129 136/210/129 132/209/129
f  134/211/130 137/212/130 131/213/130
f  137/212/130 134/211/130 138/214/130
f  126/215/131 131/213/131 137/212/131
f  131/213/131 126/215/131 125/216/131
f  131/201/132 135/208/132 134/207/132
f  135/208/132 131/201/132 133/203/132
f  138/214/133 134/211/133 127/217/133
f  121/205/134 120/218/134 127/197/134
f  138/219/134 127/197/134 120/218/134
f  139/220/135 10/221/135 140/222/135
f  10/221/135 139/220/135 20/223/135
f  7/224/136 141/225/136 6/226/136
f  141/225/137 7/224/138 93/227/139
f  112/228/140 142/229/141 141/225/137
f  112/228/140 141/225/137 93/227/139
f  143/230/142 11/231/142 13/232/142
f  140/222/142 10/221/142 11/231/142
f  140/222/142 11/231/142 143/230/142
f  144/233/143 145/234/143 146/235/143
f  145/234/143 147/236/143 146/235/143
f  148/237/144 149/238/144 150/239/144
f  149/238/144 148/237/144 143/230/144
f  145/234/145 141/225/146 142/229/147
f  141/225/146 145/234/145 144/233/148
f  144/233/149 151/240/149 152/241/149
f  151/240/149 144/233/149 146/235/149
f  143/230/150 148/237/150 140/222/150
f  148/237/151 139/220/152 140/222/153
f  139/220/152 148/237/151 153/242/154
f  152/243/155 28/244/155 31/245/155
f  28/244/155 152/243/155 149/246/155
f  149/246/156 13/247/156 28/244/156
f  13/247/156 149/246/156 143/248/156
f  151/240/157 149/249/157 152/241/157
f  149/249/157 151/240/157 150/250/157
f  31/245/158 144/251/158 152/243/158
f  6/226/159 141/225/159 144/233/159
f  144/233/159 31/252/159 6/226/159
f  20/253/160 117/254/160 10/255/160
f  117/254/160 20/253/160 115/256/160
f  148/257/161 136/258/161 153/259/161
f  136/258/161 148/257/161 132/260/161
f  11/261/162 126/262/162 13/263/162
f  126/262/162 11/261/162 124/264/162
f  93/265/163 123/266/163 112/267/163
f  123/266/163 93/265/163 119/268/163
f  119/268/163 93/265/163 7/269/163
f  10/255/164 124/270/164 11/271/164
f  124/270/164 10/255/164 117/254/164
f  147/272/165 130/273/165 146/274/165
f  130/273/165 147/272/165 128/275/165
f  133/276/166 148/257/166 150/277/166
f  133/276/166 132/260/166 148/257/166
f  137/278/167 13/263/167 126/262/167
f  13/263/167 137/278/167 28/279/167
f  151/280/168 133/276/168 150/277/168
f  133/276/168 151/280/168 135/281/168
f  7/282/169 6/283/169 120/218/169
f  120/218/169 119/284/169 7/282/169
f  31/285/170 120/218/170 6/283/170
f  120/218/170 31/285/170 138/219/170
f  146/274/171 135/281/171 151/280/171
f  135/281/171 146/274/171 130/273/171
f  28/279/172 138/219/172 31/285/172
f  138/219/172 28/279/172 137/278/172
f  104/286/173 106/287/173 109/288/173
f  106/287/173 104/286/173 154/289/173
f  154/289/174 155/290/174 156/291/174
f  155/290/174 157/292/174 103/293/174
f  155/290/174 154/289/174 157/292/174
f  154/294/175 105/295/175 106/296/175
f  105/295/175 154/294/175 158/297/175
f  159/298/176 107/299/176 158/297/176
f  158/297/176 107/299/176 105/295/176
f  160/300/177 108/301/177 159/298/177
f  159/298/177 108/301/177 107/299/177
f  156/302/178 158/297/178 154/294/178
f  158/297/178 156/302/178 161/303/178
f  162/304/179 159/298/179 161/303/179
f  159/298/179 158/297/179 161/303/179
f  163/305/180 160/300/180 162/304/180
f  160/300/180 159/298/180 162/304/180
f  164/306/181 103/307/181 155/308/181
f  103/307/181 164/306/181 165/309/181
f  85/156/182 78/310/182 103/157/182
f  155/311/182 103/157/182 78/310/182
f  166/312/183 144/313/183 152/314/183
f  167/315/184 168/316/184 169/317/184
f  168/316/184 167/315/184 170/318/184
f  171/319/185 172/320/185 173/321/185
f  172/320/185 171/319/185 174/322/185
f  175/323/186 176/324/186 177/325/186
f  176/324/186 175/323/186 178/326/186
f  179/327/187 171/319/187 173/321/187
f  171/319/187 179/327/187 180/328/187
f  181/329/188 182/330/188 183/331/188
f  182/330/188 184/332/188 183/331/188
f  183/333/189 184/334/189 185/335/189
f  185/335/189 184/334/189 186/336/189
f  162/337/190 186/336/191 187/338/192
f  186/336/191 184/334/193 187/338/192
f  182/330/194 187/339/194 184/332/194
f  187/339/194 182/330/194 188/340/194
f  189/341/195 173/321/196 156/342/197
f  173/321/196 189/341/195 179/327/198
f  156/342/199 172/320/200 161/343/201
f  172/320/200 156/342/199 173/321/202
f  179/344/203 189/345/203 188/340/203
f  179/344/203 188/340/203 182/330/203
f  174/346/204 186/336/204 172/347/204
f  186/336/204 174/346/204 185/335/204
f  190/348/205 191/349/205 192/350/205
f  191/349/205 190/348/205 193/351/205
f  161/352/206 172/347/207 186/336/208
f  186/336/208 162/337/209 161/352/206
f  182/330/210 180/353/210 179/344/210
f  180/353/210 182/330/210 181/329/210
f  192/354/211 194/355/211 195/356/211
f  194/355/211 192/354/211 175/323/211
f  194/357/212 175/358/212 196/359/212
f  175/358/212 177/360/212 196/359/212
f  190/348/213 197/361/213 193/351/213
f  197/361/213 190/348/213 198/362/213
f  176/363/214 199/364/214 177/365/214
f  199/364/214 176/363/214 200/366/214
f  197/367/215 199/364/215 200/366/215
f  199/364/215 197/367/215 198/368/215
f  175/323/216 192/354/216 191/369/216
f  175/323/216 191/369/216 178/326/216
f  201/370/217 202/371/217 203/372/217
f  203/372/217 202/371/217 204/373/217
f  205/374/218 203/372/218 204/373/218
f  203/372/218 205/374/218 206/375/218
f  207/376/219 198/362/219 190/348/219
f  198/362/219 207/376/219 208/377/219
f  209/378/220 177/365/220 199/364/220
f  177/365/220 209/378/220 196/379/220
f  209/380/221 198/381/221 208/382/221
f  198/381/221 209/380/221 199/383/221
f  207/384/222 190/385/222 195/386/222
f  190/385/222 192/387/222 195/386/222
f  210/388/223 211/389/223 212/390/223
f  212/390/223 211/389/223 213/391/223
f  214/392/224 215/393/224 216/394/224
f  216/394/224 217/395/224 214/392/224
f  218/396/225 206/397/225 205/398/225
f  206/397/225 218/396/225 219/399/225
f  218/396/226 214/400/226 217/401/226
f  218/396/226 217/401/226 219/399/226
f  215/393/227 201/402/227 216/394/227
f  201/402/227 215/393/227 202/403/227
f  220/404/228 221/405/229 222/406/230
f  220/404/228 223/407/229 221/405/229
f  220/404/231 224/408/232 223/407/232
f  224/408/232 220/404/231 225/409/233
f  226/410/234 227/411/235 228/412/236
f  226/410/234 229/413/234 227/411/235
f  230/414/237 212/390/237 231/415/237
f  212/390/237 230/414/237 210/388/237
f  232/416/238 229/413/238 233/417/238
f  229/413/238 232/416/238 234/418/238
f  226/419/239 228/420/239 235/421/239
f  228/420/239 236/422/239 235/421/239
f  212/423/240 237/424/240 234/425/240
f  237/424/240 212/423/240 213/426/240
f  211/389/241 235/427/241 236/428/241
f  235/427/241 211/389/241 210/388/241
f  234/418/242 227/411/242 229/413/242
f  227/411/242 234/418/242 237/429/242
f  238/430/243 227/411/244 237/429/244
f  238/430/243 220/404/245 227/411/244
f  220/404/245 238/430/243 225/409/246
f  239/431/247 240/432/247 222/433/247
f  239/431/247 222/433/247 241/434/247
f  240/432/247 239/431/247 242/435/247
f  227/411/248 240/436/249 228/412/250
f  240/436/249 220/404/251 222/406/252
f  240/436/249 227/411/248 220/404/251
f  166/437/253 243/438/253 244/439/253
f  166/437/253 244/439/253 245/440/253
f  245/440/254 246/441/254 247/442/254
f  247/442/254 166/437/254 245/440/254
f  248/443/255 249/444/255 250/445/255
f  249/444/255 248/443/255 251/446/255
f  252/447/255 253/448/255 251/446/255
f  252/447/255 251/446/255 248/443/255
f  254/449/256 255/450/256 256/451/256
f  255/450/256 257/452/256 258/453/256
f  257/452/256 255/450/256 254/449/256
f  259/454/257 260/455/257 261/456/257
f  260/455/257 259/454/257 262/457/257
f  260/455/257 263/458/257 261/456/257
f  264/459/258 265/460/258 249/444/258
f  265/460/258 266/461/258 267/462/258
f  266/461/258 268/463/258 267/462/258
f  266/461/258 265/460/258 264/459/258
f  269/464/259 270/465/259 271/466/259
f  270/465/259 269/464/259 272/467/259
f  273/468/260 274/469/260 275/470/260
f  253/448/260 275/470/260 274/469/260
f  276/471/261 277/472/261 278/473/261
f  278/473/261 279/474/261 276/471/261
f  259/475/262 280/476/262 281/477/262
f  280/476/262 259/475/262 261/478/262
f  267/462/263 280/479/263 261/480/263
f  280/479/263 267/462/263 282/481/263
f  267/482/264 277/483/264 282/484/264
f  267/482/264 278/485/264 277/483/264
f  245/486/265 277/472/265 246/487/265
f  277/472/265 276/471/265 246/487/265
f  168/316/266 170/318/266 280/476/266
f  170/318/266 281/477/266 280/476/266
f  244/488/267 282/481/267 245/489/267
f  282/481/267 277/490/267 245/489/267
f  243/438/268 168/491/268 244/439/268
f  168/491/268 243/438/268 169/492/268
f  280/479/269 282/481/269 244/488/269
f  280/479/269 244/488/269 168/493/269
f  283/494/270 96/495/270 284/496/270
f  96/495/270 283/494/270 285/497/270
f  283/494/271 284/496/271 286/498/271
f  98/499/271 286/498/271 284/496/271
f  287/500/272 288/501/272 183/333/272
f  183/333/272 185/335/272 287/500/272
f  180/328/273 289/502/273 171/319/273
f  289/502/273 180/328/273 290/503/273
f  171/319/274 291/504/274 174/322/274
f  291/504/274 171/319/274 289/502/274
f  181/329/275 290/505/275 180/353/275
f  290/505/275 181/329/275 292/506/275
f  288/507/276 292/506/276 181/329/276
f  181/329/276 183/331/276 288/507/276
f  287/500/277 174/346/277 291/508/277
f  174/346/277 287/500/277 185/335/277
f  178/326/278 288/501/278 287/500/278
f  178/326/278 191/369/278 288/501/278
f  290/503/279 200/366/279 289/502/279
f  200/366/279 290/503/279 197/367/279
f  176/363/280 289/502/280 200/366/280
f  289/502/280 176/363/280 291/504/280
f  292/506/281 197/361/281 290/505/281
f  197/361/281 292/506/281 193/351/281
f  193/351/282 288/507/282 191/349/282
f  288/507/282 193/351/282 292/506/282
f  178/326/283 291/508/283 176/324/283
f  291/508/283 178/326/283 287/500/283
f  223/509/284 293/510/284 221/511/284
f  293/510/284 223/509/284 294/512/284
f  224/513/285 295/514/285 223/509/285
f  223/509/285 295/514/285 294/512/285
f  241/434/286 221/515/286 293/516/286
f  221/515/286 241/434/286 222/433/286
f  296/517/287 297/518/287 298/519/287
f  296/517/287 298/519/287 238/520/287
f  237/521/288 296/522/288 238/523/289
f  296/522/288 237/521/288 299/524/288
f  300/525/290 225/526/291 301/527/292
f  225/526/291 298/528/292 301/527/292
f  298/528/292 225/526/291 238/529/292
f  225/526/293 300/525/294 224/530/295
f  300/525/294 295/531/295 224/530/295
f  302/532/296 303/533/296 304/534/296
f  303/533/296 305/535/296 304/534/296
f  306/536/297 307/537/297 308/538/297
f  307/537/297 306/536/297 309/539/297
f  303/540/298 310/541/298 311/542/298
f  310/541/298 303/540/298 302/543/298
f  311/542/299 309/544/299 306/545/299
f  309/544/299 311/542/299 312/546/299
f  313/547/300 314/548/300 305/549/300
f  305/549/300 314/548/300 304/550/300
f  308/551/301 315/552/301 313/547/301
f  315/552/301 308/551/301 307/553/301
f  97/554/302 311/542/302 99/555/302
f  311/542/302 97/554/302 303/540/302
f  303/533/303 97/556/303 305/535/303
f  97/556/303 98/557/303 305/535/303
f  313/547/304 284/558/304 308/551/304
f  284/558/304 96/559/304 308/551/304
f  305/549/305 98/560/305 313/547/305
f  98/560/305 284/558/305 313/547/305
f  311/542/306 101/561/306 99/555/306
f  101/561/306 311/542/306 306/545/306
f  101/562/307 308/538/307 96/563/307
f  308/538/307 101/562/307 306/536/307
f  309/539/308 316/564/308 307/537/308
f  316/564/308 309/539/308 317/565/308
f  312/546/309 317/566/309 309/544/309
f  317/566/309 312/546/309 318/567/309
f  315/552/310 319/568/310 314/548/310
f  320/569/310 314/548/310 319/568/310
f  314/548/311 321/570/311 304/550/311
f  304/550/311 321/570/311 322/571/311
f  302/543/312 323/572/312 310/541/312
f  323/572/312 302/543/312 324/573/312
f  324/574/313 302/532/313 322/575/313
f  302/532/313 304/534/313 322/575/313
f  321/570/314 325/576/314 322/571/314
f  322/571/314 325/576/314 326/577/314
f  324/573/315 327/578/315 323/572/315
f  327/578/315 324/573/315 328/579/315
f  328/580/316 322/575/316 326/581/316
f  322/575/316 328/580/316 324/574/316
f  329/582/317 330/583/317 331/584/317
f  331/584/317 330/583/317 332/585/317
f  318/567/318 329/586/318 317/566/318
f  329/586/318 318/567/318 333/587/318
f  334/588/319 320/569/319 335/589/319
f  320/569/319 319/568/319 335/589/319
f  314/590/320 320/591/320 310/592/320
f  336/593/320 310/592/320 320/591/320
f  336/593/321 334/594/321 337/595/321
f  334/594/321 336/593/321 320/591/321
f  323/596/322 314/597/322 310/598/322
f  314/597/322 323/596/322 321/599/322
f  321/599/323 327/600/323 325/601/323
f  327/600/323 321/599/323 323/596/323
f  328/602/324 326/603/324 327/600/324
f  326/603/324 325/601/324 327/600/324
f  338/604/325 330/605/325 339/606/325
f  330/605/325 338/604/325 332/607/325
f  340/608/326 338/604/326 341/609/326
f  341/609/326 338/604/326 339/606/326
f  317/565/327 331/584/327 316/564/327
f  331/584/327 317/565/327 329/582/327
f  341/610/328 337/595/328 334/594/328
f  341/610/328 334/594/328 340/611/328
f  335/589/329 340/612/329 334/588/329
f  340/612/329 335/589/329 338/613/329
f  333/587/330 330/614/330 329/586/330
f  330/614/330 333/587/330 339/615/330
f  335/589/331 332/616/331 338/613/331
f  332/616/331 335/589/331 331/617/331
f  341/618/332 333/587/332 337/619/332
f  333/587/332 341/618/332 339/615/332
f  315/552/333 314/548/333 313/547/333
f  319/568/334 331/617/334 335/589/334
f  331/617/334 319/568/334 316/620/334
f  307/553/335 319/568/335 315/552/335
f  319/568/335 307/553/335 316/620/335
f  336/621/336 337/619/336 333/587/336
f  336/621/336 333/587/336 318/567/336
f  310/541/337 336/621/337 318/567/337
f  310/541/337 318/567/337 312/546/337
f  312/546/338 311/542/338 310/541/338
f  342/622/339 253/448/339 274/469/339
f  251/446/339 253/448/339 342/622/339
f  343/623/340 273/624/340 275/625/340
f  274/469/341 266/461/341 342/622/341
f  264/459/341 342/622/341 266/461/341
f  274/469/342 268/463/342 266/461/342
f  268/463/342 274/469/342 273/468/342
f  344/626/343 345/627/343 346/628/343
f  346/628/343 347/629/343 344/626/343
f  348/630/344 346/628/344 349/631/344
f  347/629/344 346/628/344 348/630/344
f  350/632/345 261/480/345 351/633/345
f  351/633/345 261/480/345 263/634/345
f  267/462/346 261/480/346 350/632/346
f  267/462/346 350/632/346 270/465/346
f  272/467/347 267/462/347 270/465/347
f  265/460/347 267/462/347 272/467/347
f  265/460/348 351/633/348 263/634/348
f  351/633/348 265/460/348 272/467/348
f  352/635/349 269/464/349 271/466/349
f  269/464/349 352/635/349 353/636/349
f  352/637/350 351/638/350 353/639/350
f  351/638/350 352/637/350 350/640/350
f  269/641/351 353/642/351 351/643/351
f  351/643/351 272/644/351 269/641/351
f  271/645/352 350/646/352 352/647/352
f  350/646/352 271/645/352 270/648/352
f  354/649/353 195/650/353 355/651/353
f  195/650/353 354/649/353 207/652/353
f  356/653/354 357/654/354 358/655/354
f  357/654/354 356/653/354 359/656/354
f  360/657/355 361/658/355 362/659/355
f  361/658/355 360/657/355 363/660/355
f  354/649/356 364/661/356 208/662/356
f  354/649/356 208/662/356 207/652/356
f  359/656/357 365/663/357 366/664/357
f  365/663/357 359/656/357 356/653/357
f  364/661/358 367/665/358 209/666/358
f  364/661/358 209/666/358 208/662/358
f  364/667/359 354/668/359 368/669/359
f  364/667/359 368/669/359 361/670/359
f  359/671/360 366/672/360 355/673/360
f  359/671/360 355/673/360 369/674/360
f  357/675/361 359/671/361 369/674/361
f  357/675/361 369/674/361 370/676/361
f  366/677/362 368/669/362 354/668/362
f  354/668/362 355/678/362 366/677/362
f  357/679/363 367/680/363 363/681/363
f  367/680/363 357/679/363 370/682/363
f  364/683/364 363/681/364 367/680/364
f  363/681/364 364/683/364 361/684/364
f  370/685/365 209/666/365 367/665/365
f  209/666/365 370/685/365 196/686/365
f  368/687/366 366/664/366 365/663/366
f  368/687/366 365/663/366 371/688/366
f  369/689/367 355/651/367 195/650/367
f  369/689/367 195/650/367 194/690/367
f  361/658/368 368/687/368 371/688/368
f  361/658/368 371/688/368 362/659/368
f  370/685/369 369/689/369 194/690/369
f  370/685/369 194/690/369 196/686/369
f  357/654/370 363/660/370 360/657/370
f  357/654/370 360/657/370 358/655/370
f  372/691/371 373/692/371 374/693/371
f  373/692/371 372/691/371 375/694/371
f  376/695/372 358/696/372 377/697/372
f  358/696/372 376/695/372 356/698/372
f  378/699/373 379/700/373 380/701/373
f  378/699/373 380/701/373 381/702/373
f  382/703/374 383/704/374 360/705/374
f  360/705/374 362/706/374 382/703/374
f  380/701/375 384/707/375 385/708/375
f  384/707/375 380/701/375 379/700/375
f  376/695/376 365/709/376 356/698/376
f  376/695/376 386/710/376 365/709/376
f  382/711/377 387/712/377 379/713/377
f  382/711/377 379/713/377 378/714/377
f  388/715/378 384/716/378 386/717/378
f  388/715/378 386/717/378 376/718/378
f  374/719/379 388/715/379 376/718/379
f  374/719/379 376/718/379 377/720/379
f  384/721/380 379/713/380 387/712/380
f  387/712/380 386/722/380 384/721/380
f  374/723/381 383/724/381 372/725/381
f  383/724/381 374/723/381 377/726/381
f  382/727/382 372/725/382 383/724/382
f  372/725/382 382/727/382 378/728/382
f  386/710/383 387/729/383 371/730/383
f  386/710/383 371/730/383 365/709/383
f  388/731/384 385/708/384 384/707/384
f  385/708/384 388/731/384 389/732/384
f  387/729/385 382/703/385 362/706/385
f  387/729/385 362/706/385 371/730/385
f  375/694/386 378/699/386 381/702/386
f  378/699/386 375/694/386 372/691/386
f  389/732/387 374/693/387 373/692/387
f  374/693/387 389/732/387 388/731/387
f  377/697/388 360/705/388 383/704/388
f  360/705/388 377/697/388 358/696/388
f  390/733/389 206/734/389 219/735/389
f  390/733/389 391/736/389 206/734/389
f  203/737/390 392/738/390 201/739/390
f  392/738/390 203/737/390 393/740/390
f  394/741/391 380/742/391 395/743/391
f  380/742/391 394/741/391 381/744/391
f  395/743/392 385/745/392 396/746/392
f  385/745/392 395/743/392 380/742/392
f  397/747/393 390/733/393 219/735/393
f  219/735/393 217/748/393 397/747/393
f  391/736/394 393/740/394 203/737/394
f  391/736/394 203/737/394 206/734/394
f  398/749/395 394/750/395 395/751/395
f  394/750/395 398/749/395 392/752/395
f  396/753/396 390/754/396 397/755/396
f  390/754/396 396/753/396 399/756/396
f  390/754/397 400/757/397 391/758/397
f  400/757/397 390/754/397 399/756/397
f  397/759/398 398/749/398 395/751/398
f  395/751/398 396/760/398 397/759/398
f  391/761/399 401/762/399 393/763/399
f  401/762/399 391/761/399 400/764/399
f  394/765/400 393/763/400 401/762/400
f  393/763/400 394/765/400 392/766/400
f  401/767/401 373/768/401 375/769/401
f  401/767/401 400/770/401 373/768/401
f  399/771/402 385/745/402 389/772/402
f  399/771/402 396/746/402 385/745/402
f  398/773/403 397/774/403 217/775/403
f  398/773/403 217/775/403 216/776/403
f  401/777/404 381/744/404 394/741/404
f  381/744/404 401/777/404 375/778/404
f  400/770/405 399/779/405 389/780/405
f  400/770/405 389/780/405 373/768/405
f  398/781/406 201/739/406 392/738/406
f  201/739/406 398/781/406 216/782/406
f  233/783/407 229/784/407 402/785/407
f  229/784/407 226/419/407 402/785/407
f  403/786/408 210/388/408 230/414/408
f  210/388/408 403/786/408 235/427/408
f  403/787/409 226/419/409 235/421/409
f  226/419/409 403/787/409 402/785/409
f  234/425/410 231/788/410 212/423/410
f  231/788/410 234/425/410 232/789/410
f  404/790/411 233/791/411 405/792/411
f  233/791/411 402/793/411 405/792/411
f  403/787/412 405/794/412 402/785/412
f  405/794/412 403/787/412 406/795/412
f  405/796/413 406/797/413 404/798/413
f  406/797/413 407/799/413 404/798/413
f  404/798/414 408/800/414 409/801/414
f  408/800/414 404/798/414 407/799/414
f  230/414/415 406/797/415 403/786/415
f  406/797/415 230/414/415 407/799/415
f  232/789/416 408/802/416 231/788/416
f  408/802/416 232/789/416 409/803/416
f  409/803/417 233/791/417 404/790/417
f  233/791/417 409/803/417 232/789/417
f  231/804/418 408/805/418 230/806/418
f  230/806/418 408/805/418 407/807/418
f  298/808/419 410/809/419 411/810/419
f  298/808/419 411/810/419 301/811/419
f  242/812/420 411/810/420 410/809/420
f  411/810/420 242/812/420 239/813/420
f  412/814/421 413/815/421 414/816/421
f  413/815/421 412/814/421 415/817/421
f  213/818/422 299/819/422 237/820/422
f  299/819/422 213/818/422 416/821/422
f  413/822/423 415/823/423 242/824/423
f  413/822/423 242/824/423 410/825/423
f  416/826/424 414/816/424 413/815/424
f  416/826/424 413/815/424 297/827/424
f  412/828/425 417/829/425 418/830/425
f  418/830/425 415/831/425 412/828/425
f  416/821/426 296/832/426 299/819/426
f  296/832/426 416/821/426 297/833/426
f  417/834/427 412/835/427 236/836/427
f  236/836/427 228/837/427 417/834/427
f  418/838/428 242/824/428 415/823/428
f  242/824/428 418/838/428 240/839/428
f  418/840/429 417/841/429 228/842/429
f  228/842/429 240/843/429 418/840/429
f  413/822/430 298/519/430 297/518/430
f  298/519/430 413/822/430 410/825/430
f  414/844/431 236/836/431 412/835/431
f  236/836/431 414/844/431 211/845/431
f  414/844/432 416/821/432 213/818/432
f  414/844/432 213/818/432 211/845/432
f  419/846/433 202/847/433 420/848/433
f  419/846/433 204/849/433 202/847/433
f  215/850/434 214/851/434 421/852/434
f  421/852/434 214/851/434 422/853/434
f  218/854/435 205/855/435 423/856/435
f  205/855/435 424/857/435 423/856/435
f  423/856/436 214/851/436 218/854/436
f  423/856/436 422/853/436 214/851/436
f  425/858/437 420/848/437 215/850/437
f  215/850/437 420/848/437 202/847/437
f  204/849/438 419/846/438 426/859/438
f  295/514/439 423/860/439 294/512/439
f  423/860/439 295/514/439 422/861/439
f  420/862/440 301/527/440 411/863/440
f  301/527/440 420/862/440 425/864/440
f  239/431/441 241/434/441 419/865/441
f  419/865/441 241/434/441 426/866/441
f  419/865/442 411/867/442 239/431/442
f  411/867/442 419/865/442 420/868/442
f  421/869/443 295/531/443 300/525/443
f  295/531/443 421/869/443 422/870/443
f  423/860/444 293/510/444 294/512/444
f  293/510/444 423/860/444 424/871/444
f  426/866/445 293/516/445 424/872/445
f  293/516/445 426/866/445 241/434/445
f  426/859/446 424/857/446 205/855/446
f  426/859/446 205/855/446 204/849/446
f  421/852/447 425/858/447 215/850/447
f  425/864/448 300/525/448 301/527/448
f  300/525/448 425/864/448 421/869/448
f  155/873/449 164/874/449 189/875/449
f  164/874/449 188/876/449 189/875/449
f  155/877/450 189/878/451 156/879/452
f  162/337/453 187/338/454 163/880/455
f  187/338/456 427/881/456 163/880/456
f  188/876/457 164/874/457 428/882/457
f  428/883/458 187/884/458 188/885/458
f  187/884/458 428/883/458 427/886/458
f  429/887/459 157/888/459 103/889/459
f  103/889/459 165/890/459 429/887/459
f  103/293/460 157/292/460 104/286/460
f  104/286/461 157/292/461 154/289/461
f  102/891/462 430/892/462 100/893/462
f  430/892/462 102/891/462 431/894/462
f  285/895/463 95/896/463 96/897/463
f  95/896/463 285/895/463 432/898/463
f  95/899/464 431/894/464 102/891/464
f  431/894/464 95/899/464 432/900/464
f  100/901/465 286/902/465 98/903/465
f  286/902/465 100/901/465 430/904/465
f  430/905/466 283/906/466 286/907/466
f  283/906/466 430/905/466 431/908/466
f  432/909/467 283/906/467 431/908/467
f  283/906/467 432/909/467 285/910/467
f  433/911/468 434/912/468 435/913/468
f  435/913/469 436/914/469 433/911/469
f  437/915/470 438/916/470 439/917/470
f  438/916/470 435/913/470 434/912/470
f  438/916/470 437/915/470 435/913/470
f  440/918/471 434/912/471 433/911/471
f  434/912/471 440/918/471 441/919/471
f  441/919/471 440/918/471 442/920/471
f  442/920/471 443/921/471 441/919/471
f  444/922/472 435/913/472 445/923/472
f  435/913/472 444/922/472 436/914/472
f  437/915/473 445/923/473 435/913/473
f  445/923/473 437/915/473 446/924/473
f  278/925/474 447/926/474 448/927/474
f  447/926/474 278/925/474 267/928/474
f  279/929/475 448/927/475 449/930/475
f  448/927/475 279/929/475 278/925/475
f  440/931/476 268/932/476 273/933/476
f  268/932/476 440/931/476 433/934/476
f  268/932/477 436/935/477 267/936/477
f  436/935/477 268/932/477 433/934/477
f  273/933/478 442/937/478 440/931/478
f  442/937/478 273/933/478 343/938/478
f  345/939/479 344/940/479 441/941/479
f  441/941/479 443/942/479 345/939/479
f  344/940/480 347/943/480 434/944/480
f  434/944/480 441/941/480 344/940/480
f  349/945/481 438/946/481 348/947/481
f  438/946/481 349/945/481 439/948/481
f  347/949/482 438/946/482 434/950/482
f  438/946/482 347/949/482 348/947/482
f  449/951/483 448/952/483 445/953/483
f  445/953/483 446/954/483 449/951/483
f  448/952/484 447/955/484 444/956/484
f  444/956/484 445/953/484 448/952/484
f  436/957/485 447/926/485 267/928/485
f  447/926/485 436/957/485 444/958/485
f  450/959/486 451/960/486 452/961/486
f  453/962/486 452/961/486 451/960/486
f  264/963/487 453/962/487 451/960/487
f  453/962/487 264/963/487 249/964/487
f  453/965/488 251/966/488 452/967/488
f  251/966/488 453/965/488 249/968/488
f  251/969/489 342/970/489 450/971/489
f  450/971/489 452/972/489 251/969/489
f  264/973/490 450/974/490 342/975/490
f  450/974/490 264/973/490 451/976/490
f  454/977/491 455/978/491 456/979/491
f  454/977/491 456/979/491 457/980/491
f  458/981/492 459/982/492 460/983/492
f  458/981/492 461/984/492 459/982/492
f  462/985/493 458/981/493 460/983/493
f  458/981/493 462/985/493 250/986/493
f  463/987/494 459/988/494 461/989/494
f  459/988/494 463/987/494 464/990/494
f  465/991/495 258/992/495 257/993/495
f  258/992/495 465/991/495 466/994/495
f  467/995/496 468/996/496 454/997/496
f  468/996/496 467/995/496 469/998/496
f  470/999/497 469/998/497 467/995/497
f  469/998/497 470/999/497 256/1000/497
f  464/990/498 471/1001/498 459/988/498
f  471/1001/498 464/990/498 465/1002/498
f  460/983/499 467/1003/499 462/985/499
f  467/1003/499 460/983/499 470/1004/499
f  460/983/500 471/1005/500 470/1004/500
f  460/983/500 459/982/500 471/1005/500
f  472/1006/501 465/1002/501 464/990/501
f  465/1002/501 472/1006/501 466/1007/501
f  471/1008/502 257/993/502 254/1009/502
f  257/993/502 471/1008/502 465/991/502
f  473/1010/503 464/990/503 463/987/503
f  464/990/503 473/1010/503 472/1006/503
f  454/997/504 474/1011/504 455/1012/504
f  474/1011/504 454/997/504 468/996/504
f  456/979/505 248/1013/505 457/980/505
f  248/1013/505 456/979/505 252/1014/505
f  457/980/506 467/1003/506 454/977/506
f  467/1003/506 457/980/506 462/985/506
f  457/980/507 250/986/507 462/985/507
f  250/986/507 457/980/507 248/1013/507
f  250/445/508 265/460/508 458/1015/508
f  265/460/508 250/445/508 249/444/508
f  262/457/509 463/1016/509 260/455/509
f  463/1016/509 262/457/509 473/1017/509
f  265/460/510 461/1018/510 458/1015/510
f  265/460/510 263/634/510 461/1018/510
f  463/1016/511 461/1019/511 260/455/511
f  263/458/511 260/455/511 461/1019/511
f  254/1009/512 470/999/512 471/1008/512
f  470/999/512 254/1009/512 256/1000/512
f  469/1020/513 255/450/513 468/1021/513
f  255/450/513 469/1020/513 256/451/513
f  468/1021/513 255/450/513 474/1022/513
f  475/1023/514 476/1024/514 477/1025/514
f  476/1024/514 475/1023/514 478/1026/514
f  479/1027/515 480/1028/515 481/1029/515
f  480/1028/515 479/1027/515 482/1030/515
f  478/1026/516 479/1027/516 481/1029/516
f  479/1027/516 478/1026/516 475/1023/516
f  482/1031/517 483/1032/517 484/1033/517
f  482/1031/517 484/1033/517 480/1034/517
f  485/1035/518 477/1025/518 486/1036/518
f  477/1025/518 485/1035/518 475/1023/518
f  475/1023/519 487/1037/519 479/1027/519
f  487/1037/519 475/1023/519 485/1035/519
f  488/1038/520 479/1027/520 487/1037/520
f  479/1027/520 488/1038/520 482/1030/520
f  489/1039/521 483/1040/521 488/1038/521
f  483/1040/521 482/1030/521 488/1038/521
f  490/1041/522 481/1042/522 491/1043/522
f  481/1042/522 490/1041/522 478/1044/522
f  492/1045/523 491/1043/523 481/1042/523
f  481/1042/523 480/1046/523 492/1045/523
f  484/1033/524 493/1047/524 480/1034/524
f  480/1034/524 493/1047/524 492/1048/524
f  478/1026/525 494/1049/525 476/1024/525
f  494/1049/525 478/1026/525 490/1050/525
f  493/1047/526 495/1051/526 492/1048/526
f  492/1048/526 495/1051/526 496/1052/526
f  490/1050/527 497/1053/527 494/1049/527
f  497/1053/527 490/1050/527 498/1054/527
f  498/1055/528 491/1043/528 499/1056/528
f  491/1043/528 498/1055/528 490/1041/528
f  499/1056/529 492/1045/529 496/1057/529
f  492/1045/529 499/1056/529 491/1043/529
f  500/1058/530 496/1057/530 501/1059/530
f  496/1057/530 500/1058/530 499/1056/530
f  495/1060/531 501/1061/531 496/1062/531
f  501/1061/531 495/1060/531 502/1063/531
f  498/1054/532 503/1064/532 497/1053/532
f  503/1064/532 498/1054/532 504/1065/532
f  504/1066/533 499/1056/533 500/1058/533
f  499/1056/533 504/1066/533 498/1055/533
f  500/1058/534 505/1067/534 504/1066/534
f  505/1067/534 500/1058/534 506/1068/534
f  501/1059/535 506/1068/535 500/1058/535
f  506/1068/535 501/1059/535 507/1069/535
f  507/1070/536 501/1061/536 502/1063/536
f  502/1063/536 508/1071/536 507/1070/536
f  505/1072/537 503/1064/537 504/1065/537
f  503/1064/537 505/1072/537 509/1073/537
f  510/1074/538 511/1075/539 512/1076/540
f  511/1075/539 510/1074/538 513/1077/541
f  514/1078/542 512/1076/542 515/1079/542
f  512/1076/542 514/1078/542 510/1074/542
f  516/1080/543 515/1079/543 517/1081/543
f  515/1079/543 516/1080/543 514/1078/543
f  518/1082/544 516/1080/545 519/1083/546
f  519/1083/546 516/1080/545 517/1081/547
f  513/1084/548 510/1085/549 485/1086/550
f  485/1086/550 486/1087/551 513/1084/548
f  510/1085/552 487/1088/552 485/1086/552
f  487/1088/552 510/1085/552 514/1089/552
f  487/1088/553 516/1090/553 488/1091/553
f  516/1090/553 487/1088/553 514/1089/553
f  516/1080/554 518/1082/555 489/1092/556
f  489/1092/556 488/1093/557 516/1080/554
f  520/1094/558 506/1068/558 507/1069/558
f  506/1068/558 520/1094/558 521/1095/558
f  509/1096/559 505/1097/559 522/1098/559
f  506/1068/560 522/1099/560 505/1067/560
f  522/1099/560 506/1068/560 521/1095/560
f  508/1100/561 523/1101/561 507/1069/561
f  520/1094/561 507/1069/561 523/1101/561
f  511/1075/562 524/1102/563 512/1076/564
f  525/1103/565 512/1076/564 524/1102/563
f  526/1104/566 527/1105/567 519/1106/568
f  519/1106/568 517/1107/569 526/1104/566
f  515/1079/570 512/1076/570 525/1103/570
f  515/1079/570 525/1103/570 528/1108/570
f  515/1079/571 526/1109/571 517/1081/571
f  526/1109/571 515/1079/571 528/1108/571
f  529/1110/572 530/1111/572 531/1112/572
f  530/1111/572 529/1110/572 532/1113/572
f  531/1112/573 533/1114/573 534/1115/573
f  533/1114/573 531/1112/573 530/1111/573
f  533/1116/574 535/1117/574 536/1118/574
f  533/1116/574 536/1118/574 534/1119/574
f  532/1120/575 537/1121/575 538/1122/575
f  537/1121/575 532/1120/575 529/1123/575
f  539/1124/576 540/1125/576 541/1126/576
f  540/1125/576 539/1124/576 542/1127/576
f  541/1128/577 543/1129/577 539/1130/577
f  543/1129/577 541/1128/577 544/1131/577
f  543/1129/578 545/1132/579 546/1133/580
f  545/1132/579 543/1129/578 544/1131/581
f  542/1127/582 547/1134/583 540/1125/584
f  547/1134/583 542/1127/582 548/1135/585
f  530/1136/586 543/1137/586 533/1138/586
f  543/1137/586 530/1136/586 539/1124/586
f  538/1139/587 542/1127/588 532/1140/589
f  542/1127/588 538/1139/587 548/1135/590
f  530/1136/591 542/1127/591 539/1124/591
f  542/1127/591 530/1136/591 532/1140/591
f  546/1141/592 533/1138/593 543/1137/594
f  533/1138/593 546/1141/592 535/1142/595
f  531/1143/596 534/1144/596 544/1145/596
f  531/1143/596 544/1145/596 541/1146/596
f  540/1147/597 547/1148/598 537/1149/599
f  537/1149/599 529/1150/600 540/1147/597
f  541/1146/601 540/1151/601 529/1123/601
f  529/1123/601 531/1143/601 541/1146/601
f  534/1144/602 545/1152/603 544/1145/604
f  545/1152/603 534/1144/602 536/1153/605
f  548/1154/606 537/1155/607 547/1156/608
f  537/1155/607 548/1154/606 538/1157/609
f  549/1158/610 550/1159/610 551/1160/610
f  550/1159/610 549/1158/610 552/1161/610
f  553/1162/611 551/1160/611 550/1159/611
f  550/1159/611 554/1163/611 553/1162/611
f  554/1164/612 555/1165/612 556/1166/612
f  554/1164/612 556/1166/612 553/1167/612
f  552/1168/613 557/1169/613 558/1170/613
f  557/1169/613 552/1168/613 549/1171/613
f  559/1172/614 560/1173/614 561/1174/614
f  560/1173/614 559/1172/614 562/1175/614
f  563/1176/615 559/1172/615 561/1174/615
f  559/1172/615 563/1176/615 564/1177/615
f  564/1177/616 565/1178/617 566/1179/618
f  565/1178/617 564/1177/616 563/1176/619
f  562/1180/620 567/1181/621 560/1182/622
f  567/1181/621 562/1180/620 568/1183/623
f  550/1184/624 564/1185/624 554/1186/624
f  564/1185/624 550/1184/624 559/1187/624
f  558/1188/625 562/1180/626 552/1189/627
f  562/1180/626 558/1188/625 568/1183/628
f  559/1187/629 552/1189/629 562/1180/629
f  552/1189/629 559/1187/629 550/1184/629
f  566/1190/630 554/1186/631 564/1185/632
f  554/1186/631 566/1190/630 555/1191/633
f  551/1192/634 553/1193/634 563/1194/634
f  551/1192/634 563/1194/634 561/1195/634
f  560/1196/635 567/1197/636 557/1198/637
f  557/1198/637 549/1199/638 560/1196/635
f  561/1195/639 560/1200/639 549/1171/639
f  549/1171/639 551/1192/639 561/1195/639
f  553/1193/640 565/1201/641 563/1194/642
f  565/1201/641 553/1193/640 556/1202/643
f  566/1179/644 565/1178/645 556/1203/646
f  566/1179/644 556/1203/646 555/1204/647
f  568/1205/648 557/1206/649 567/1207/650
f  557/1206/649 568/1205/648 558/1208/651
f  569/1209/652 570/1210/652 571/1211/652
f  570/1210/653 572/1212/653 573/1213/653
f  572/1212/653 570/1210/653 569/1209/653
f  574/1214/654 575/1215/654 576/1216/654
f  575/1215/654 574/1214/654 577/1217/654
f  578/1218/655 579/1219/655 580/1220/655
f  579/1219/655 581/1221/655 580/1220/655
f  582/1222/656 583/1223/656 584/1224/656
f  583/1223/656 582/1222/656 585/1225/656
f  573/1213/657 19/21/657 18/20/657
f  19/21/657 573/1213/657 572/1212/657
f  572/1212/658 20/22/658 19/21/658
f  20/22/658 572/1212/658 578/1218/658
f  574/1214/659 585/1225/659 582/1222/659
f  585/1225/659 574/1214/659 576/1216/659
f  569/1209/660 578/1218/660 572/1212/660
f  578/1218/660 569/1209/660 579/1219/660
f  586/1226/661 569/1209/661 571/1211/661
f  569/1209/661 586/1226/661 579/1219/661
f  584/1224/662 587/1227/662 588/1228/662
f  587/1227/662 584/1224/662 583/1223/662
f  589/1229/663 18/20/663 24/27/663
f  18/20/663 589/1229/663 573/1213/663
f  590/1230/664 573/1213/664 589/1229/664
f  573/1213/664 590/1230/664 570/1210/664
f  587/1227/665 570/1231/665 590/1232/665
f  570/1231/665 587/1227/665 583/1223/665
f  583/1223/666 571/1233/666 570/1231/666
f  571/1233/666 583/1223/666 585/1225/666
f  585/1225/667 586/1234/667 571/1233/667
f  586/1234/667 585/1225/667 576/1216/667
f  591/1235/668 592/1236/668 593/1237/668
f  593/1237/668 581/1238/668 591/1235/668
f  594/1239/669 593/1237/669 592/1236/669
f  593/1237/669 594/1239/669 595/1240/669
f  595/1241/670 594/1242/670 575/1215/670
f  594/1242/670 576/1216/670 575/1215/670
f  581/1221/671 579/1219/671 591/1243/671
f  586/1244/672 576/1245/672 596/1246/672
f  586/1244/673 597/1247/673 579/1248/673
f  598/1249/674 592/1236/674 599/1250/674
f  592/1236/674 591/1235/674 599/1250/674
f  600/1251/675 594/1239/675 598/1249/675
f  594/1239/675 592/1236/675 598/1249/675
f  601/1252/676 594/1242/676 600/1253/676
f  576/1216/676 594/1242/676 601/1252/676
f  602/1254/677 591/1243/677 579/1219/677
f  591/1243/677 602/1254/677 599/1255/677
f  600/1253/678 603/1256/678 601/1252/678
f  603/1256/678 600/1253/678 604/1257/678
f  598/1249/679 605/1258/679 600/1251/679
f  604/1259/679 600/1251/679 605/1258/679
f  599/1250/680 606/1260/680 598/1249/680
f  605/1258/680 598/1249/680 606/1260/680
f  602/1254/681 606/1261/681 599/1255/681
f  606/1261/681 602/1254/681 607/1262/681
f  608/1263/682 597/1247/682 586/1244/682
f  597/1247/682 608/1263/682 609/1264/682
f  610/1265/683 601/1252/683 603/1256/683
f  601/1252/683 610/1265/683 596/1266/683
f  611/1267/684 612/1268/684 613/1269/684
f  612/1268/684 611/1267/684 614/1270/684
f  615/1271/685 616/1272/685 614/1273/685
f  616/1272/685 612/1274/685 614/1273/685
f  617/1275/686 618/1276/686 619/1277/686
f  618/1276/686 617/1275/686 620/1278/686
f  621/1279/687 622/1280/687 623/1281/687
f  622/1280/687 621/1279/687 624/1282/687
f  623/1283/688 622/1284/689 615/1271/690
f  622/1284/689 616/1272/689 615/1271/690
f  625/1285/691 620/1278/691 626/1286/691
f  626/1286/691 620/1278/691 617/1275/691
f  620/1278/692 627/1287/692 618/1276/692
f  627/1287/692 620/1278/692 628/1288/692
f  629/1289/693 623/1281/693 630/1290/693
f  623/1281/693 629/1289/693 621/1279/693
f  615/1271/694 631/1291/695 623/1283/696
f  630/1292/695 623/1283/696 631/1291/695
f  628/1288/697 625/1285/697 632/1293/697
f  625/1285/697 628/1288/697 620/1278/697
f  633/1294/698 614/1270/698 611/1267/698
f  614/1270/698 633/1294/698 634/1295/698
f  614/1273/699 634/1296/699 615/1271/699
f  631/1291/699 615/1271/699 634/1296/699
f  626/1286/700 617/1275/700 610/1297/700
f  610/1297/700 617/1275/700 608/1263/700
f  622/1284/701 604/1259/701 616/1272/701
f  604/1259/701 605/1258/701 616/1272/701
f  622/1280/702 624/1282/702 604/1257/702
f  604/1257/702 624/1282/702 603/1256/702
f  608/1263/703 619/1277/703 609/1264/703
f  619/1277/703 608/1263/703 617/1275/703
f  616/1272/704 605/1258/704 612/1274/704
f  605/1258/704 606/1260/704 612/1274/704
f  613/1269/705 606/1261/705 607/1262/705
f  606/1261/705 613/1269/705 612/1268/705
f  624/1282/706 626/1298/706 603/1256/706
f  603/1256/706 626/1298/706 610/1265/706
f  629/1289/707 632/1299/707 621/1279/707
f  621/1279/707 632/1299/707 625/1300/707
f  621/1279/708 625/1300/708 624/1282/708
f  624/1282/708 625/1300/708 626/1298/708
f  608/1263/709 596/1246/709 610/1297/709
f  596/1246/709 608/1263/709 586/1244/709
f  619/1301/710 607/1262/710 609/1302/710
f  607/1262/710 619/1301/710 613/1269/710
f  627/1303/711 611/1267/711 618/1304/711
f  611/1267/711 627/1303/711 633/1294/711
f  619/1301/712 611/1267/712 613/1269/712
f  611/1267/712 619/1301/712 618/1304/712
f  597/1305/713 609/1302/713 602/1254/713
f  602/1254/713 609/1302/713 607/1262/713
f  576/1245/714 601/1306/714 596/1246/714
f  597/1247/715 602/1307/715 579/1248/715
f  113/180/716 114/1308/717 92/179/718
f  114/1308/717 113/180/716 635/1309/719
f  636/1310/720 637/1311/721 638/1312/722
f  637/1311/721 636/1310/720 639/1313/723
f  640/1314/724 641/1315/725 642/1316/726
f  641/1315/725 640/1314/724 643/1317/727
f  79/116/728 638/1312/729 80/117/730
f  638/1312/729 79/116/728 636/1310/731
f  81/118/732 636/1310/732 79/116/732
f  636/1310/732 81/118/732 644/1318/732
f  641/1319/733 645/1320/733 646/1321/733
f  645/1320/733 641/1319/733 639/1313/733
f  642/1316/734 646/1322/734 647/1323/734
f  646/1322/734 642/1316/734 641/1315/734
f  639/1313/735 644/1318/735 645/1320/735
f  644/1318/735 639/1313/735 636/1310/735
f  648/1324/736 645/1320/736 644/1318/736
f  645/1320/736 648/1324/736 649/1325/736
f  644/1318/737 650/1326/738 648/1324/739
f  650/1326/738 644/1318/737 81/118/740
f  651/1327/741 646/1321/741 645/1320/741
f  651/1327/741 645/1320/741 649/1325/741
f  647/1323/742 651/1328/742 652/1329/742
f  651/1328/742 647/1323/742 646/1322/742
f  584/1330/743 588/1331/743 653/1332/743
f  588/1331/743 654/1333/743 653/1332/743
f  574/1334/744 582/1335/744 655/1336/744
f  582/1335/744 656/1337/744 655/1336/744
f  582/1335/745 584/1330/745 656/1337/745
f  584/1330/745 653/1332/745 656/1337/745
f  633/1338/746 657/1339/746 658/1340/746
f  657/1339/746 633/1338/746 627/1341/746
f  659/1342/747 629/1289/747 630/1290/747
f  629/1289/747 659/1342/747 660/1343/747
f  631/1344/748 659/1342/748 630/1290/748
f  659/1342/748 631/1344/748 661/1345/748
f  660/1343/749 662/1346/749 629/1289/749
f  632/1299/749 629/1289/749 662/1346/749
f  663/1347/750 633/1338/750 658/1340/750
f  633/1338/750 663/1347/750 634/1348/750
f  631/1344/751 663/1347/751 661/1345/751
f  663/1347/751 631/1344/751 634/1348/751
f  628/1349/752 632/1299/752 664/1350/752
f  664/1350/752 632/1299/752 662/1346/752
f  664/1350/753 627/1341/753 628/1349/753
f  627/1341/753 664/1350/753 657/1339/753
f  643/1351/754 637/1311/755 641/1319/756
f  641/1319/756 637/1311/755 639/1313/757
f  577/1217/758 595/1241/758 575/1215/758
f  647/1352/759 665/1353/759 666/1354/759
f  667/1355/760 651/1356/760 649/1357/760
f  651/1356/760 667/1355/760 668/1358/760
f  667/1355/761 648/1359/761 669/1360/761
f  648/1359/761 667/1355/761 649/1357/761
f  669/1360/762 650/1361/763 670/1362/764
f  650/1361/763 669/1360/762 648/1359/765
f  652/1363/766 668/1358/766 671/1364/766
f  668/1358/766 652/1363/766 651/1356/766
f  647/1352/767 671/1365/767 665/1353/767
f  671/1365/767 647/1352/767 652/1366/767
f  110/171/768 653/1367/768 111/174/768
f  653/1367/768 110/171/768 656/1368/768
f  112/1369/769 656/1368/769 110/171/769
f  656/1368/769 112/1369/769 655/1370/769
f  111/174/770 654/1371/770 113/180/770
f  654/1371/770 111/174/770 653/1367/770
f  588/1331/771 672/1372/772 654/1333/773
f  672/1372/772 588/1331/771 640/1373/774
f  116/184/775 115/183/775 673/1374/775
f  673/1374/775 674/1375/775 116/184/775
f  675/1376/776 676/1377/776 677/1378/776
f  676/1377/777 123/191/777 122/190/777
f  123/191/777 676/1377/777 675/1376/777
f  673/1374/778 678/1379/778 674/1375/778
f  678/1379/778 679/1380/778 674/1375/778
f  679/1380/778 678/1379/778 680/1381/778
f  681/1382/779 128/1383/779 682/1384/779
f  128/1383/779 681/1382/779 129/1385/779
f  683/1386/780 684/1387/780 685/1388/780
f  684/1387/780 683/1386/780 679/1380/780
f  129/1385/781 676/1377/781 122/190/781
f  676/1377/781 129/1385/781 681/1382/781
f  681/1382/782 686/1389/782 687/1390/782
f  686/1389/782 681/1382/782 682/1384/782
f  679/1380/783 683/1386/783 674/1375/783
f  136/210/784 116/184/784 674/1375/784
f  674/1375/784 683/1386/784 136/210/784
f  687/1391/785 688/1392/785 689/1393/785
f  688/1392/785 687/1391/785 684/1394/785
f  684/1394/786 680/1395/786 688/1392/786
f  680/1395/786 684/1394/786 679/1396/786
f  686/1389/787 684/1397/787 687/1390/787
f  684/1397/787 686/1389/787 685/1398/787
f  689/1393/788 681/1399/788 687/1391/788
f  681/1382/789 689/1400/789 677/1378/789
f  681/1382/789 677/1378/789 676/1377/789
f  690/1401/790 578/1402/790 139/220/790
f  139/220/790 578/1402/790 20/223/790
f  574/1403/791 577/1404/791 691/1405/791
f  691/1405/792 112/228/793 655/1406/794
f  112/228/793 691/1405/792 142/229/795
f  574/1403/796 691/1405/792 655/1406/794
f  581/1407/797 580/1408/797 692/1409/797
f  580/1408/797 690/1401/797 692/1409/797
f  690/1401/797 580/1408/797 578/1402/797
f  693/1410/798 694/1411/798 145/1412/798
f  145/1412/798 694/1411/798 147/1413/798
f  695/1414/799 696/1415/799 697/1416/799
f  696/1415/799 695/1414/799 692/1417/799
f  691/1418/800 145/1412/801 142/1419/802
f  145/1412/801 691/1418/800 693/1410/803
f  693/1410/804 698/1420/804 699/1421/804
f  699/1421/804 694/1411/804 693/1410/804
f  692/1409/805 690/1401/805 696/1422/805
f  696/1422/806 139/220/807 153/242/808
f  139/220/807 696/1422/806 690/1401/809
f  698/1423/810 593/1424/810 695/1425/810
f  593/1424/810 698/1423/810 595/1426/810
f  581/1427/811 695/1425/811 593/1424/811
f  695/1425/811 581/1427/811 692/1428/811
f  695/1414/812 699/1421/812 698/1420/812
f  699/1421/812 695/1414/812 697/1416/812
f  595/1426/813 698/1423/813 693/1429/813
f  691/1405/814 577/1404/814 693/1430/814
f  693/1430/814 577/1404/814 595/1431/814
f  20/253/815 673/1432/815 115/256/815
f  673/1432/815 20/253/815 578/1433/815
f  136/258/816 696/1434/816 153/259/816
f  696/1434/816 136/258/816 683/1435/816
f  580/1436/817 680/1437/817 678/1438/817
f  680/1437/817 580/1436/817 581/1439/817
f  655/1440/818 123/266/818 675/1441/818
f  655/1440/818 675/1441/818 574/1442/818
f  123/266/818 655/1440/818 112/267/818
f  578/1433/819 678/1443/819 673/1432/819
f  678/1443/819 578/1433/819 580/1444/819
f  682/1445/820 147/272/820 694/1446/820
f  147/272/820 682/1445/820 128/275/820
f  697/1447/821 696/1434/821 685/1448/821
f  683/1435/821 685/1448/821 696/1434/821
f  581/1439/822 688/1449/822 680/1437/822
f  688/1449/822 581/1439/822 593/1450/822
f  699/1451/823 685/1448/823 686/1452/823
f  685/1448/823 699/1451/823 697/1447/823
f  577/1453/824 574/1442/824 677/1454/824
f  677/1454/824 574/1442/824 675/1441/824
f  595/1455/825 677/1454/825 689/1456/825
f  677/1454/825 595/1455/825 577/1453/825
f  694/1446/826 686/1452/826 682/1445/826
f  686/1452/826 694/1446/826 699/1451/826
f  689/1457/827 593/1458/827 595/1459/827
f  593/1458/827 689/1457/827 688/1460/827
f  665/1353/828 671/1365/828 668/1461/828
f  668/1461/828 700/1462/828 665/1353/828
f  701/1463/829 702/1464/829 666/1354/829
f  702/1464/829 700/1462/829 703/1465/829
f  700/1462/829 702/1464/829 701/1463/829
f  700/1462/830 668/1461/830 667/1466/830
f  700/1462/830 667/1466/830 704/1467/830
f  704/1468/831 669/1469/831 705/1470/831
f  669/1469/831 704/1468/831 667/1471/831
f  705/1470/832 670/1472/833 160/300/834
f  670/1472/833 705/1470/832 669/1469/835
f  703/1465/836 704/1467/836 706/1473/836
f  704/1467/836 703/1465/836 700/1462/836
f  706/1474/837 705/1470/837 707/1475/837
f  705/1470/837 706/1474/837 704/1468/837
f  707/1475/838 160/300/838 163/305/838
f  160/300/838 707/1475/838 705/1470/838
f  164/306/839 666/1476/839 165/309/839
f  666/1476/839 164/306/839 702/1477/839
f  642/1478/840 666/1354/840 702/1464/840
f  642/1478/840 647/1352/840 666/1354/840
f  144/313/841 247/1479/841 142/1480/841
f  144/313/841 166/312/841 247/1479/841
f  167/315/842 708/1481/842 170/318/842
f  708/1481/842 167/315/842 709/1482/842
f  710/1483/843 711/1484/843 712/1485/843
f  710/1483/843 713/1486/843 711/1484/843
f  714/1487/844 715/1488/844 716/1489/844
f  715/1488/844 714/1487/844 717/1490/844
f  718/1491/845 710/1483/845 719/1492/845
f  710/1483/845 718/1491/845 713/1486/845
f  720/1493/846 721/1494/846 722/1495/846
f  721/1494/846 720/1493/846 723/1496/846
f  724/1497/847 723/1498/847 720/1499/847
f  723/1498/847 724/1497/847 725/1500/847
f  725/1500/848 726/1501/848 723/1498/848
f  725/1500/848 727/1502/848 726/1501/848
f  721/1494/849 726/1503/849 728/1504/849
f  726/1503/849 721/1494/849 723/1496/849
f  729/1505/850 713/1486/850 718/1491/850
f  713/1486/850 729/1505/850 730/1506/850
f  730/1507/851 711/1508/851 713/1509/851
f  711/1508/851 730/1507/851 731/1510/851
f  728/1511/852 729/1505/852 718/1491/852
f  728/1511/852 718/1491/852 721/1512/852
f  712/1513/853 725/1500/853 724/1497/853
f  725/1500/853 712/1513/853 711/1508/853
f  732/1514/854 733/1515/854 734/1516/854
f  733/1515/854 732/1514/854 735/1517/854
f  731/1510/855 725/1500/855 711/1508/855
f  725/1500/855 731/1510/855 727/1502/855
f  718/1518/856 719/1519/856 721/1494/856
f  721/1494/856 719/1519/856 722/1495/856
f  735/1520/857 736/1521/857 714/1487/857
f  736/1521/857 735/1520/857 737/1522/857
f  738/1523/858 714/1487/858 736/1521/858
f  714/1487/858 738/1523/858 717/1490/858
f  734/1516/859 739/1524/859 732/1514/859
f  739/1524/859 740/1525/859 732/1514/859
f  715/1526/860 741/1527/860 742/1528/860
f  741/1527/860 715/1526/860 717/1529/860
f  739/1530/861 741/1527/861 740/1531/861
f  741/1527/861 739/1530/861 742/1528/861
f  714/1487/862 733/1532/862 735/1520/862
f  733/1532/862 714/1487/862 716/1489/862
f  743/1533/863 744/1534/863 745/1535/863
f  744/1534/863 746/1536/863 745/1535/863
f  744/1537/864 747/1538/864 746/1539/864
f  747/1538/864 744/1537/864 748/1540/864
f  732/1514/865 740/1525/865 749/1541/865
f  740/1525/865 750/1542/865 749/1541/865
f  751/1543/866 741/1544/866 717/1545/866
f  751/1543/866 717/1545/866 738/1546/866
f  751/1547/867 740/1531/867 741/1527/867
f  740/1531/867 751/1547/867 750/1548/867
f  737/1549/868 732/1514/868 749/1541/868
f  732/1514/868 737/1549/868 735/1517/868
f  752/1550/869 753/1551/869 754/1552/869
f  753/1551/869 752/1550/869 755/1553/869
f  756/1554/870 757/1555/870 758/1556/870
f  757/1555/870 756/1554/870 759/1557/870
f  760/1558/871 748/1540/871 761/1559/871
f  748/1540/871 760/1558/871 747/1538/871
f  760/1558/872 759/1560/872 756/1561/872
f  759/1560/872 760/1558/872 761/1559/872
f  757/1562/873 743/1533/873 758/1563/873
f  743/1533/873 745/1535/873 758/1563/873
f  762/1564/874 763/1565/875 764/1566/876
f  764/1566/876 763/1565/875 765/1567/875
f  764/1566/877 766/1568/878 767/1569/879
f  766/1568/878 764/1566/877 765/1567/878
f  768/1570/880 769/1571/881 770/1572/882
f  770/1572/882 771/1573/880 768/1570/880
f  752/1550/883 772/1574/883 773/1575/883
f  772/1574/883 752/1550/883 754/1552/883
f  771/1573/884 774/1576/884 775/1577/884
f  774/1576/884 771/1573/884 776/1578/884
f  777/1579/885 769/1580/885 768/1581/885
f  769/1580/885 777/1579/885 778/1582/885
f  779/1583/886 752/1584/886 776/1585/886
f  752/1584/886 779/1583/886 755/1586/886
f  753/1551/887 777/1587/887 754/1552/887
f  777/1587/887 753/1551/887 778/1588/887
f  776/1578/888 770/1572/888 779/1589/888
f  770/1572/888 776/1578/888 771/1573/888
f  770/1572/889 780/1590/890 779/1589/889
f  780/1590/890 764/1566/891 767/1569/892
f  764/1566/891 780/1590/890 770/1572/889
f  781/1591/893 782/1592/893 762/1593/893
f  782/1592/893 781/1591/893 783/1594/893
f  762/1593/893 782/1592/893 784/1595/893
f  770/1572/894 781/1596/895 764/1566/896
f  781/1596/895 770/1572/894 769/1571/897
f  764/1566/896 781/1596/895 762/1564/898
f  785/1597/899 786/1598/899 787/1599/899
f  788/1600/899 787/1599/899 786/1598/899
f  785/1597/900 247/1601/900 246/1602/900
f  247/1601/900 785/1597/900 787/1599/900
f  252/1603/901 789/1604/901 790/1605/901
f  252/1603/901 790/1605/901 253/1606/901
f  789/1604/901 791/1607/901 790/1605/901
f  791/1607/901 789/1604/901 792/1608/901
f  793/1609/902 255/450/902 794/1610/902
f  255/450/902 258/453/902 794/1610/902
f  795/1611/902 255/450/902 793/1609/902
f  259/454/903 796/1612/903 262/457/903
f  796/1612/903 259/454/903 797/1613/903
f  797/1613/903 798/1614/903 796/1612/903
f  799/1615/904 800/1616/904 801/1617/904
f  800/1616/904 799/1615/904 802/1618/904
f  802/1618/904 803/1619/904 800/1616/904
f  791/1607/904 799/1615/904 801/1617/904
f  804/1620/905 805/1621/905 806/1622/905
f  805/1621/905 804/1620/905 807/1623/905
f  808/1624/906 275/1625/906 253/1606/906
f  275/1625/906 808/1624/906 809/1626/906
f  810/1627/907 276/471/907 811/1628/907
f  279/474/907 811/1628/907 276/471/907
f  797/1613/908 259/454/908 812/1629/908
f  281/1630/908 812/1629/908 259/454/908
f  802/1631/909 812/1632/909 813/1633/909
f  812/1632/909 802/1631/909 797/1634/909
f  811/1635/910 802/1631/910 810/1636/910
f  813/1633/910 810/1636/910 802/1631/910
f  785/1637/911 246/487/911 810/1627/911
f  276/471/911 810/1627/911 246/487/911
f  708/1638/912 812/1629/912 170/1639/912
f  170/1639/912 812/1629/912 281/1630/912
f  786/1640/913 785/1641/913 813/1642/913
f  785/1641/913 810/1643/913 813/1642/913
f  788/1644/914 708/1481/914 709/1482/914
f  708/1481/914 788/1644/914 786/1645/914
f  812/1629/915 786/1646/915 813/1647/915
f  786/1646/915 812/1629/915 708/1638/915
f  814/1648/916 658/1649/916 815/1650/916
f  658/1649/916 814/1648/916 816/1651/916
f  816/1651/917 814/1648/917 817/1652/917
f  817/1652/917 660/1653/917 816/1651/917
f  818/1654/918 720/1493/918 819/1655/918
f  720/1493/918 818/1654/918 724/1656/918
f  719/1492/919 820/1657/919 821/1658/919
f  820/1657/919 719/1492/919 710/1483/919
f  710/1483/920 822/1659/920 820/1657/920
f  822/1659/920 710/1483/920 712/1485/920
f  722/1495/921 821/1660/921 823/1661/921
f  821/1660/921 722/1495/921 719/1519/921
f  823/1661/922 819/1655/922 722/1495/922
f  722/1495/922 819/1655/922 720/1493/922
f  818/1662/923 712/1513/923 724/1497/923
f  712/1513/923 818/1662/923 822/1663/923
f  716/1489/924 819/1664/924 733/1532/924
f  716/1489/924 818/1662/924 819/1664/924
f  821/1658/925 742/1528/925 739/1530/925
f  742/1528/925 821/1658/925 820/1657/925
f  820/1657/926 715/1526/926 742/1528/926
f  715/1526/926 820/1657/926 822/1659/926
f  823/1661/927 739/1524/927 734/1516/927
f  739/1524/927 823/1661/927 821/1660/927
f  734/1516/928 819/1655/928 823/1661/928
f  819/1655/928 734/1516/928 733/1515/928
f  716/1489/929 822/1663/929 818/1662/929
f  822/1663/929 716/1489/929 715/1488/929
f  765/1665/930 824/1666/930 825/1667/930
f  824/1666/930 765/1665/930 763/1668/930
f  765/1669/931 826/1670/931 766/1671/931
f  826/1670/931 765/1669/931 825/1672/931
f  784/1673/932 763/1668/932 762/1674/932
f  763/1668/932 784/1673/932 824/1666/932
f  780/1675/933 827/1676/933 828/1677/933
f  829/1678/933 828/1677/933 827/1676/933
f  779/1679/934 828/1680/934 830/1681/934
f  828/1680/934 779/1679/934 780/1682/935
f  767/1683/936 827/1684/937 780/1685/937
f  827/1684/937 767/1683/936 831/1686/937
f  831/1686/937 767/1683/936 832/1687/938
f  767/1683/939 766/1671/940 832/1687/941
f  832/1687/941 766/1671/940 826/1670/940
f  833/1688/942 834/1689/942 835/1690/942
f  834/1689/942 833/1688/942 836/1691/942
f  837/1692/943 838/1693/943 839/1694/943
f  838/1693/943 837/1692/943 840/1695/943
f  841/1696/944 834/1697/944 842/1698/944
f  834/1697/944 841/1696/944 835/1699/944
f  842/1698/945 840/1700/945 843/1701/945
f  840/1700/945 842/1698/945 838/1702/945
f  844/1703/946 845/1704/946 836/1705/946
f  836/1705/946 833/1706/946 844/1703/946
f  846/1707/947 839/1708/947 845/1704/947
f  839/1708/947 846/1707/947 837/1709/947
f  842/1698/948 659/1710/948 661/1711/948
f  659/1710/948 842/1698/948 834/1697/948
f  834/1689/949 836/1691/949 659/1712/949
f  659/1712/949 836/1691/949 660/1713/949
f  845/1704/950 839/1708/950 816/1714/950
f  816/1714/950 839/1708/950 658/1715/950
f  836/1705/951 845/1704/951 660/1716/951
f  660/1716/951 845/1704/951 816/1714/951
f  842/1698/952 661/1711/952 663/1717/952
f  842/1698/952 663/1717/952 838/1702/952
f  839/1694/953 663/1718/953 658/1719/953
f  663/1718/953 839/1694/953 838/1693/953
f  847/1720/954 840/1695/954 837/1692/954
f  840/1695/954 847/1720/954 848/1721/954
f  843/1701/955 848/1722/955 849/1723/955
f  848/1722/955 843/1701/955 840/1700/955
f  844/1703/956 850/1724/956 846/1707/956
f  844/1703/956 851/1725/956 850/1724/956
f  844/1703/957 833/1706/957 852/1726/957
f  833/1706/957 853/1727/957 852/1726/957
f  854/1728/958 835/1699/958 841/1696/958
f  835/1699/958 854/1728/958 855/1729/958
f  853/1730/959 835/1690/959 855/1731/959
f  835/1690/959 853/1730/959 833/1688/959
f  852/1726/960 853/1727/960 856/1732/960
f  853/1727/960 857/1733/960 856/1732/960
f  855/1729/961 858/1734/961 859/1735/961
f  858/1734/961 855/1729/961 854/1728/961
f  859/1736/962 853/1730/962 855/1731/962
f  853/1730/962 859/1736/962 857/1737/962
f  860/1738/963 861/1739/963 862/1740/963
f  860/1738/963 863/1741/963 861/1739/963
f  849/1723/964 862/1742/964 864/1743/964
f  862/1742/964 849/1723/964 848/1722/964
f  865/1744/965 866/1745/965 851/1725/965
f  851/1725/965 866/1745/965 850/1724/965
f  841/1746/966 867/1747/966 851/1748/966
f  841/1746/966 851/1748/966 844/1749/966
f  865/1750/967 867/1747/967 868/1751/967
f  867/1747/967 865/1750/967 851/1748/967
f  854/1752/968 844/1753/968 852/1754/968
f  844/1753/968 854/1752/968 841/1755/968
f  858/1756/969 852/1754/969 856/1757/969
f  852/1754/969 858/1756/969 854/1752/969
f  858/1758/970 857/1759/970 859/1760/970
f  857/1759/970 858/1758/970 856/1761/970
f  869/1762/971 861/1739/971 870/1763/971
f  861/1739/971 863/1741/971 870/1763/971
f  871/1764/972 870/1765/972 872/1766/972
f  870/1765/972 871/1764/972 869/1767/972
f  860/1738/973 848/1721/973 847/1720/973
f  848/1721/973 860/1738/973 862/1740/973
f  872/1766/974 865/1750/974 871/1764/974
f  871/1764/974 865/1750/974 868/1751/974
f  872/1768/975 866/1745/975 865/1744/975
f  866/1745/975 872/1768/975 870/1769/975
f  864/1743/976 861/1770/976 869/1771/976
f  861/1770/976 864/1743/976 862/1742/976
f  863/1772/977 866/1745/977 870/1769/977
f  866/1745/977 863/1772/977 860/1773/977
f  864/1743/978 871/1774/978 868/1775/978
f  871/1774/978 864/1743/978 869/1771/978
f  846/1707/979 845/1704/979 844/1703/979
f  850/1724/980 860/1773/980 847/1776/980
f  860/1773/980 850/1724/980 866/1745/980
f  846/1707/981 850/1724/981 837/1709/981
f  850/1724/981 847/1776/981 837/1709/981
f  867/1777/982 864/1743/982 868/1775/982
f  864/1743/982 867/1777/982 849/1723/982
f  841/1696/983 849/1723/983 867/1777/983
f  849/1723/983 841/1696/983 843/1701/983
f  843/1701/984 841/1696/984 842/1698/984
f  808/1624/985 253/1606/985 873/1778/985
f  253/1606/985 790/1605/985 873/1778/985
f  343/623/986 275/625/986 809/1779/986
f  873/1778/987 801/1617/987 800/1616/987
f  873/1778/987 800/1616/987 808/1624/987
f  808/1624/988 803/1619/988 809/1626/988
f  803/1619/988 808/1624/988 800/1616/988
f  874/1780/989 346/1781/989 345/1782/989
f  875/1783/989 346/1781/989 874/1780/989
f  346/1781/990 876/1784/990 349/1785/990
f  876/1784/990 346/1781/990 875/1783/990
f  877/1786/991 878/1787/991 797/1613/991
f  878/1787/991 798/1614/991 797/1613/991
f  797/1613/992 802/1788/992 877/1786/992
f  877/1786/992 802/1788/992 805/1789/992
f  802/1618/993 806/1622/993 805/1621/993
f  806/1622/993 802/1618/993 799/1615/993
f  799/1790/994 878/1787/994 806/1791/994
f  878/1787/994 799/1790/994 798/1614/994
f  804/1620/995 879/1792/995 807/1623/995
f  879/1792/995 804/1620/995 880/1793/995
f  879/1794/996 878/1787/996 877/1786/996
f  878/1787/996 879/1794/996 880/1795/996
f  806/1796/997 878/1797/997 804/1798/997
f  804/1798/997 878/1797/997 880/1799/997
f  807/1800/998 877/1801/998 805/1802/998
f  877/1801/998 807/1800/998 879/1803/998
f  881/1804/999 737/1805/999 749/1806/999
f  737/1805/999 881/1804/999 882/1807/999
f  883/1808/1000 884/1809/1000 885/1810/1000
f  884/1809/1000 883/1808/1000 886/1811/1000
f  887/1812/1001 888/1813/1001 889/1814/1001
f  888/1813/1001 887/1812/1001 890/1815/1001
f  881/1804/1002 750/1816/1002 891/1817/1002
f  749/1806/1002 750/1816/1002 881/1804/1002
f  885/1810/1003 892/1818/1003 883/1808/1003
f  892/1818/1003 885/1810/1003 893/1819/1003
f  894/1820/1004 891/1817/1004 751/1821/1004
f  751/1821/1004 891/1817/1004 750/1816/1004
f  888/1822/1005 895/1823/1005 891/1824/1005
f  881/1825/1005 891/1824/1005 895/1823/1005
f  885/1826/1006 882/1827/1006 893/1828/1006
f  882/1827/1006 885/1826/1006 896/1829/1006
f  884/1830/1007 896/1829/1007 885/1826/1007
f  896/1829/1007 884/1830/1007 897/1831/1007
f  893/1832/1008 881/1825/1008 895/1823/1008
f  881/1825/1008 893/1832/1008 882/1833/1008
f  894/1834/1009 884/1830/1009 889/1835/1009
f  884/1830/1009 894/1834/1009 897/1831/1009
f  891/1836/1010 889/1837/1010 888/1838/1010
f  889/1837/1010 891/1836/1010 894/1839/1010
f  751/1821/1011 897/1840/1011 894/1820/1011
f  897/1840/1011 751/1821/1011 738/1841/1011
f  898/1842/1012 892/1818/1012 895/1843/1012
f  892/1818/1012 893/1819/1012 895/1843/1012
f  736/1844/1013 737/1805/1013 896/1845/1013
f  737/1805/1013 882/1807/1013 896/1845/1013
f  895/1843/1014 888/1813/1014 898/1842/1014
f  898/1842/1014 888/1813/1014 890/1815/1014
f  896/1845/1015 897/1840/1015 736/1844/1015
f  736/1844/1015 897/1840/1015 738/1841/1015
f  889/1814/1016 884/1809/1016 887/1812/1016
f  887/1812/1016 884/1809/1016 886/1811/1016
f  899/1846/1017 900/1847/1017 901/1848/1017
f  900/1847/1017 899/1846/1017 902/1849/1017
f  903/1850/1018 886/1851/1018 883/1852/1018
f  886/1851/1018 903/1850/1018 904/1853/1018
f  905/1854/1019 906/1855/1019 907/1856/1019
f  907/1856/1019 906/1855/1019 908/1857/1019
f  909/1858/1020 910/1859/1020 887/1860/1020
f  887/1860/1020 910/1859/1020 890/1861/1020
f  907/1856/1021 911/1862/1021 905/1854/1021
f  911/1862/1021 907/1856/1021 912/1863/1021
f  883/1852/1022 892/1864/1022 903/1850/1022
f  892/1864/1022 913/1865/1022 903/1850/1022
f  906/1866/1023 905/1867/1023 910/1868/1023
f  914/1869/1023 910/1868/1023 905/1867/1023
f  915/1870/1024 913/1871/1024 911/1872/1024
f  913/1871/1024 915/1870/1024 903/1873/1024
f  902/1874/1025 903/1873/1025 915/1870/1025
f  903/1873/1025 902/1874/1025 904/1875/1025
f  911/1876/1026 914/1869/1026 905/1867/1026
f  914/1869/1026 911/1876/1026 913/1877/1026
f  909/1878/1027 902/1874/1027 899/1879/1027
f  902/1874/1027 909/1878/1027 904/1875/1027
f  910/1839/1028 899/1880/1028 906/1881/1028
f  899/1880/1028 910/1839/1028 909/1882/1028
f  914/1883/1029 913/1865/1029 898/1884/1029
f  898/1884/1029 913/1865/1029 892/1864/1029
f  915/1885/1030 912/1863/1030 916/1886/1030
f  912/1863/1030 915/1885/1030 911/1862/1030
f  914/1883/1031 890/1861/1031 910/1859/1031
f  898/1884/1031 890/1861/1031 914/1883/1031
f  901/1848/1032 906/1855/1032 899/1846/1032
f  906/1855/1032 901/1848/1032 908/1857/1032
f  902/1849/1033 916/1886/1033 900/1847/1033
f  916/1886/1033 902/1849/1033 915/1885/1033
f  887/1860/1034 904/1853/1034 909/1858/1034
f  904/1853/1034 887/1860/1034 886/1851/1034
f  917/1887/1035 918/1888/1035 748/1889/1035
f  761/1890/1035 748/1889/1035 918/1888/1035
f  919/1891/1036 744/1892/1036 743/1893/1036
f  744/1892/1036 919/1891/1036 920/1894/1036
f  921/1895/1037 907/1896/1037 908/1897/1037
f  907/1896/1037 921/1895/1037 922/1898/1037
f  922/1898/1038 912/1899/1038 907/1896/1038
f  912/1899/1038 922/1898/1038 923/1900/1038
f  918/1888/1039 924/1901/1039 761/1890/1039
f  761/1890/1039 924/1901/1039 759/1902/1039
f  920/1894/1040 917/1887/1040 744/1892/1040
f  744/1892/1040 917/1887/1040 748/1889/1040
f  922/1903/1041 921/1904/1041 925/1905/1041
f  921/1904/1041 919/1906/1041 925/1905/1041
f  923/1907/1042 918/1908/1042 926/1909/1042
f  918/1908/1042 923/1907/1042 924/1910/1042
f  918/1908/1043 927/1911/1043 926/1909/1043
f  927/1911/1043 918/1908/1043 917/1912/1043
f  924/1913/1044 922/1914/1044 925/1915/1044
f  922/1914/1044 924/1913/1044 923/1916/1044
f  928/1917/1045 917/1912/1045 920/1918/1045
f  917/1912/1045 928/1917/1045 927/1911/1045
f  921/1904/1046 920/1919/1046 919/1906/1046
f  920/1919/1046 921/1904/1046 928/1920/1046
f  927/1921/1047 928/1922/1047 900/1923/1047
f  901/1924/1047 900/1923/1047 928/1922/1047
f  916/1925/1048 912/1899/1048 926/1926/1048
f  912/1899/1048 923/1900/1048 926/1926/1048
f  757/1927/1049 759/1928/1049 925/1929/1049
f  925/1929/1049 759/1928/1049 924/1930/1049
f  928/1931/1050 908/1897/1050 901/1932/1050
f  908/1897/1050 928/1931/1050 921/1895/1050
f  926/1926/1051 927/1933/1051 916/1925/1051
f  916/1925/1051 927/1933/1051 900/1934/1051
f  925/1935/1052 743/1936/1052 757/1937/1052
f  743/1936/1052 925/1935/1052 919/1938/1052
f  929/1939/1053 771/1940/1053 775/1941/1053
f  771/1940/1053 929/1939/1053 768/1581/1053
f  754/1552/1054 930/1942/1054 772/1574/1054
f  930/1942/1054 754/1552/1054 777/1587/1054
f  930/1943/1055 777/1579/1055 768/1581/1055
f  768/1581/1055 929/1939/1055 930/1943/1055
f  773/1944/1056 776/1585/1056 752/1584/1056
f  776/1585/1056 773/1944/1056 774/1945/1056
f  931/1946/1057 775/1941/1057 932/1947/1057
f  775/1941/1057 931/1946/1057 929/1939/1057
f  931/1946/1058 930/1943/1058 929/1939/1058
f  930/1943/1058 931/1946/1058 933/1948/1058
f  932/1949/1059 933/1950/1059 931/1951/1059
f  933/1950/1059 932/1949/1059 934/1952/1059
f  932/1949/1060 935/1953/1060 934/1952/1060
f  935/1953/1060 932/1949/1060 936/1954/1060
f  933/1955/1061 772/1956/1061 930/1957/1061
f  772/1956/1061 933/1955/1061 934/1958/1061
f  774/1945/1062 935/1959/1062 936/1960/1062
f  935/1959/1062 774/1945/1062 773/1944/1062
f  775/1941/1063 936/1961/1063 932/1947/1063
f  936/1961/1063 775/1941/1063 774/1962/1063
f  773/1575/1064 772/1574/1064 935/1953/1064
f  772/1574/1064 934/1952/1064 935/1953/1064
f  827/1963/1065 937/1964/1065 938/1965/1065
f  937/1964/1065 827/1963/1065 831/1966/1065
f  783/1967/1066 937/1964/1066 782/1968/1066
f  937/1964/1066 783/1967/1066 938/1965/1066
f  939/1969/1067 940/1970/1067 941/1971/1067
f  940/1970/1067 939/1969/1067 942/1972/1067
f  830/1973/1068 755/1974/1068 779/1975/1068
f  755/1974/1068 830/1973/1068 943/1976/1068
f  941/1977/1069 940/1978/1069 783/1979/1069
f  938/1980/1069 783/1979/1069 940/1978/1069
f  943/1981/1070 940/1970/1070 942/1972/1070
f  940/1970/1070 943/1981/1070 829/1982/1070
f  939/1983/1071 944/1984/1071 945/1985/1071
f  944/1984/1071 939/1983/1071 941/1986/1071
f  828/1987/1072 943/1988/1072 830/1989/1072
f  943/1988/1072 828/1987/1072 829/1990/1072
f  939/1983/1073 945/1985/1073 778/1991/1073
f  778/1991/1073 945/1985/1073 769/1992/1073
f  944/1993/1074 783/1979/1074 781/1994/1074
f  783/1979/1074 944/1993/1074 941/1977/1074
f  944/1995/1075 769/1996/1075 945/1997/1075
f  769/1996/1075 944/1995/1075 781/1998/1075
f  940/1978/1076 827/1676/1076 938/1980/1076
f  827/1676/1076 940/1978/1076 829/1678/1076
f  942/1999/1077 778/1991/1077 753/2000/1077
f  778/1991/1077 942/1999/1077 939/1983/1077
f  943/1976/1078 942/1999/1078 755/1974/1078
f  755/1974/1078 942/1999/1078 753/2000/1078
f  946/2001/1079 745/2002/1079 746/2003/1079
f  946/2001/1079 947/2004/1079 745/2002/1079
f  948/2005/1080 756/2006/1080 758/2007/1080
f  948/2005/1080 949/2008/1080 756/2006/1080
f  950/2009/1081 747/2010/1081 760/2011/1081
f  747/2010/1081 950/2009/1081 951/2012/1081
f  950/2009/1082 756/2006/1082 949/2008/1082
f  760/2011/1082 756/2006/1082 950/2009/1082
f  947/2004/1083 952/2013/1083 758/2007/1083
f  947/2004/1083 758/2007/1083 745/2002/1083
f  746/2003/1084 953/2014/1084 946/2001/1084
f  950/2015/1085 826/2016/1085 825/1667/1085
f  826/2016/1085 950/2015/1085 949/2017/1085
f  947/2018/1086 831/2019/1086 952/2020/1086
f  831/2019/1086 947/2018/1086 937/2021/1086
f  782/1592/1087 946/2022/1087 784/1595/1087
f  946/2022/1087 953/2023/1087 784/1595/1087
f  946/2022/1088 937/2021/1088 947/2018/1088
f  937/2021/1088 946/2022/1088 782/1592/1088
f  948/2024/1089 826/1670/1089 949/2025/1089
f  826/1670/1089 948/2024/1089 832/1687/1089
f  824/1666/1090 950/2015/1090 825/1667/1090
f  950/2015/1090 824/1666/1090 951/2026/1090
f  953/2027/1091 824/1666/1091 784/1673/1091
f  824/1666/1091 953/2027/1091 951/2026/1091
f  746/2003/1092 747/2010/1092 953/2014/1092
f  951/2012/1092 953/2014/1092 747/2010/1092
f  948/2005/1093 758/2007/1093 952/2013/1093
f  952/2028/1094 831/1686/1094 832/1687/1094
f  952/2028/1094 832/1687/1094 948/2024/1094
f  164/874/1095 729/2029/1095 728/2030/1095
f  164/874/1095 702/2031/1095 729/2029/1095
f  702/2032/1096 703/2033/1096 730/2034/1096
f  702/2032/1096 730/2034/1096 729/2035/1096
f  731/2036/1097 730/2034/1097 706/2037/1097
f  703/2033/1097 706/2037/1097 730/2034/1097
f  726/1501/1098 707/2038/1098 163/880/1098
f  707/2038/1098 726/1501/1098 727/1502/1098
f  706/2037/1099 707/2039/1099 727/2040/1099
f  706/2037/1099 727/2040/1099 731/2036/1099
f  726/1501/1100 163/880/1100 427/881/1100
f  728/2030/1101 428/882/1101 164/874/1101
f  428/883/1102 726/2041/1102 427/886/1102
f  726/2041/1102 428/883/1102 728/2042/1102
f  701/2043/1103 429/887/1103 666/2044/1103
f  165/890/1103 666/2044/1103 429/887/1103
f  666/1354/1104 665/1353/1104 701/1463/1104
f  665/1353/1105 700/1462/1105 701/1463/1105
f  664/2045/1106 954/2046/1106 955/2047/1106
f  954/2046/1106 664/2045/1106 662/2048/1106
f  815/2049/1107 658/1340/1107 657/1339/1107
f  815/2049/1107 657/1339/1107 956/2050/1107
f  955/2051/1108 657/2052/1108 664/2053/1108
f  657/2052/1108 955/2051/1108 956/2054/1108
f  662/2048/1109 817/2055/1109 954/2046/1109
f  817/2055/1109 662/2048/1109 660/2056/1109
f  814/2057/1110 954/2058/1110 817/2059/1110
f  954/2058/1110 814/2057/1110 955/2060/1110
f  814/2057/1111 956/2050/1111 955/2060/1111
f  956/2050/1111 814/2057/1111 815/2049/1111
f  957/2061/1112 958/2062/1112 959/2063/1112
f  958/2062/1113 957/2061/1113 960/2064/1113
f  961/2065/1114 437/2066/1114 439/2067/1114
f  437/2066/1114 961/2065/1114 958/2062/1114
f  958/2062/1114 961/2065/1114 959/2063/1114
f  962/2068/1115 959/2063/1115 963/2069/1115
f  959/2063/1115 962/2068/1115 957/2061/1115
f  963/2069/1115 442/2070/1115 962/2068/1115
f  442/2070/1115 963/2069/1115 443/2071/1115
f  958/2062/1116 964/2072/1116 965/2073/1116
f  964/2072/1116 958/2062/1116 960/2064/1116
f  437/2066/1117 965/2073/1117 446/2074/1117
f  965/2073/1117 437/2066/1117 958/2062/1117
f  966/2075/1118 811/2076/1118 967/2077/1118
f  811/2076/1118 966/2075/1118 802/2078/1118
f  967/2079/1119 279/929/1119 449/930/1119
f  279/929/1119 967/2079/1119 811/2080/1119
f  957/2081/1120 962/2082/1120 803/2083/1120
f  803/2083/1120 962/2082/1120 809/2084/1120
f  803/2083/1121 960/2085/1121 957/2081/1121
f  960/2085/1121 803/2083/1121 802/2086/1121
f  343/938/1122 809/2084/1122 442/937/1122
f  962/2082/1122 442/937/1122 809/2084/1122
f  874/2087/1123 345/939/1123 963/2088/1123
f  443/942/1123 963/2088/1123 345/939/1123
f  875/2089/1124 874/2087/1124 959/2090/1124
f  959/2090/1124 874/2087/1124 963/2088/1124
f  961/2091/1125 349/945/1125 876/2092/1125
f  349/945/1125 961/2091/1125 439/948/1125
f  959/2093/1126 961/2091/1126 875/2094/1126
f  961/2091/1126 876/2092/1126 875/2094/1126
f  449/951/1127 965/2095/1127 967/2096/1127
f  446/954/1127 965/2095/1127 449/951/1127
f  965/2095/1128 964/2097/1128 967/2096/1128
f  967/2096/1128 964/2097/1128 966/2098/1128
f  964/2099/1129 960/2100/1129 966/2101/1129
f  966/2101/1129 960/2100/1129 802/2102/1129
f  968/2103/1130 969/2104/1130 970/2105/1130
f  968/2103/1130 970/2105/1130 971/2106/1130
f  791/2107/1131 801/2108/1131 969/2109/1131
f  970/970/1131 969/2109/1131 801/2108/1131
f  790/2110/1132 969/2111/1132 968/2112/1132
f  969/2111/1132 790/2110/1132 791/2113/1132
f  873/972/1133 790/2114/1133 971/2115/1133
f  971/2115/1133 790/2114/1133 968/965/1133
f  801/2116/1134 971/2113/1134 970/2117/1134
f  971/2113/1134 801/2116/1134 873/2118/1134
f  972/2119/1135 456/2120/1135 455/2121/1135
f  456/2120/1135 972/2119/1135 973/2122/1135
f  974/2123/1136 975/2124/1136 976/2125/1136
f  976/2125/1136 975/2124/1136 977/2126/1136
f  978/2127/1137 976/2128/1137 792/2129/1137
f  976/2128/1137 978/2127/1137 974/2130/1137
f  979/2131/1138 975/2124/1138 980/2132/1138
f  975/2124/1138 979/2131/1138 977/2126/1138
f  981/2133/1139 258/992/1139 466/994/1139
f  258/992/1139 981/2133/1139 794/2134/1139
f  982/2135/1140 983/2136/1140 984/2137/1140
f  983/2136/1140 982/2135/1140 972/2138/1140
f  985/2139/1141 984/2137/1141 795/2140/1141
f  984/2137/1141 985/2139/1141 982/2135/1141
f  980/2132/1142 986/2141/1142 981/2142/1142
f  986/2141/1142 980/2132/1142 975/2124/1142
f  982/2143/1143 974/2130/1143 978/2127/1143
f  974/2130/1143 982/2143/1143 985/2144/1143
f  985/2145/1144 986/2141/1144 974/2123/1144
f  974/2123/1144 986/2141/1144 975/2124/1144
f  472/1006/1145 981/2142/1145 466/1007/1145
f  981/2142/1145 472/1006/1145 980/2132/1145
f  986/2146/1146 794/2134/1146 981/2133/1146
f  794/2134/1146 986/2146/1146 793/2147/1146
f  473/1010/1147 980/2132/1147 472/1006/1147
f  980/2132/1147 473/1010/1147 979/2131/1147
f  972/2138/1148 474/1011/1148 983/2136/1148
f  474/1011/1148 972/2138/1148 455/1012/1148
f  456/2120/1149 789/2148/1149 252/2149/1149
f  789/2148/1149 456/2120/1149 973/2122/1149
f  982/2143/1150 973/2122/1150 972/2119/1150
f  973/2122/1150 982/2143/1150 978/2127/1150
f  792/2129/1151 973/2122/1151 978/2127/1151
f  973/2122/1151 792/2129/1151 789/2148/1151
f  792/2150/1152 799/2151/1152 791/2152/1152
f  799/2151/1152 792/2150/1152 976/2153/1152
f  262/457/1153 979/2154/1153 473/1017/1153
f  979/2154/1153 262/457/1153 796/1612/1153
f  976/2155/1154 977/2156/1154 799/1790/1154
f  799/1790/1154 977/2156/1154 798/1614/1154
f  796/1612/1155 798/1614/1155 977/2156/1155
f  796/1612/1155 977/2156/1155 979/2154/1155
f  985/2139/1156 793/2147/1156 986/2146/1156
f  793/2147/1156 985/2139/1156 795/2140/1156
f  255/450/1157 983/2157/1157 474/1022/1157
f  983/2157/1157 255/450/1157 984/2158/1157
f  984/2158/1157 255/450/1157 795/1611/1157
f  987/2159/1158 476/1024/1158 988/2160/1158
f  476/1024/1158 987/2159/1158 477/1025/1158
f  989/2161/1159 990/2162/1159 991/2163/1159
f  990/2162/1159 992/2164/1159 991/2163/1159
f  991/2165/1160 988/2166/1160 989/2167/1160
f  988/2166/1160 991/2165/1160 987/2168/1160
f  992/2164/1161 484/1033/1161 483/1032/1161
f  484/1033/1161 992/2164/1161 990/2162/1161
f  993/2169/1162 477/1025/1162 987/2159/1162
f  477/1025/1162 993/2169/1162 486/1036/1162
f  994/2170/1163 987/2159/1163 991/2171/1163
f  987/2159/1163 994/2170/1163 993/2169/1163
f  995/2172/1164 991/2171/1164 992/2173/1164
f  991/2171/1164 995/2172/1164 994/2170/1164
f  489/1039/1165 995/2172/1165 483/1040/1165
f  483/1040/1165 995/2172/1165 992/2173/1165
f  989/2167/1166 996/2174/1166 997/2175/1166
f  996/2174/1166 989/2167/1166 988/2166/1166
f  998/2176/1167 989/2161/1167 997/2177/1167
f  989/2161/1167 998/2176/1167 990/2162/1167
f  484/1033/1168 990/2162/1168 493/1047/1168
f  990/2162/1168 998/2176/1168 493/1047/1168
f  988/2160/1169 494/1049/1169 996/2178/1169
f  494/1049/1169 988/2160/1169 476/1024/1169
f  493/1047/1170 998/2176/1170 495/1051/1170
f  998/2176/1170 999/2179/1170 495/1051/1170
f  996/2178/1171 497/1053/1171 1000/2180/1171
f  497/1053/1171 996/2178/1171 494/1049/1171
f  997/2175/1172 1000/2181/1172 1001/2182/1172
f  1000/2181/1172 997/2175/1172 996/2174/1172
f  998/2176/1173 1001/2183/1173 999/2179/1173
f  1001/2183/1173 998/2176/1173 997/2177/1173
f  999/2179/1174 1002/2184/1174 1003/2185/1174
f  1002/2184/1174 999/2179/1174 1001/2183/1174
f  495/1060/1175 1003/2186/1175 502/1063/1175
f  1003/2186/1175 495/1060/1175 999/2187/1175
f  1000/2180/1176 503/1064/1176 1004/2188/1176
f  503/1064/1176 1000/2180/1176 497/1053/1176
f  1004/2189/1177 1001/2182/1177 1000/2181/1177
f  1001/2182/1177 1004/2189/1177 1002/2190/1177
f  1002/2184/1178 1005/2191/1178 1006/2192/1178
f  1005/2191/1178 1002/2184/1178 1004/2193/1178
f  1003/2185/1179 1006/2192/1179 1007/2194/1179
f  1006/2192/1179 1003/2185/1179 1002/2184/1179
f  1003/2186/1180 1007/2195/1180 502/1063/1180
f  508/1071/1180 502/1063/1180 1007/2195/1180
f  1005/2196/1181 1004/2188/1181 503/1064/1181
f  503/1064/1181 509/1073/1181 1005/2196/1181
f  1008/2197/1182 511/1075/1183 513/1077/1184
f  511/1075/1183 1008/2197/1182 1009/2198/1185
f  1009/2198/1186 1010/2199/1186 1011/2200/1186
f  1010/2199/1186 1009/2198/1186 1008/2197/1186
f  1012/2201/1187 1011/2200/1187 1010/2199/1187
f  1011/2200/1187 1012/2201/1187 1013/2202/1187
f  518/1082/1188 519/1083/1189 1012/2201/1190
f  519/1083/1189 1013/2202/1191 1012/2201/1190
f  1008/2203/1192 513/2204/1193 993/2205/1194
f  486/2206/1195 993/2205/1194 513/2204/1193
f  1010/2207/1196 1008/2203/1196 994/2208/1196
f  993/2205/1196 994/2208/1196 1008/2203/1196
f  1012/2209/1197 994/2210/1197 995/2211/1197
f  994/2210/1197 1012/2209/1197 1010/2212/1197
f  1012/2209/1198 489/2213/1199 518/2214/1200
f  995/2211/1201 489/2213/1199 1012/2209/1198
f  520/2215/1202 1007/2194/1202 1006/2192/1202
f  1006/2192/1202 521/2216/1202 520/2215/1202
f  509/1096/1203 522/1098/1203 1005/2191/1203
f  522/1098/1204 1006/2192/1204 1005/2191/1204
f  1006/2192/1204 522/1098/1204 521/2216/1204
f  523/2217/1205 1007/2194/1205 520/2215/1205
f  508/2218/1205 1007/2194/1205 523/2217/1205
f  511/1075/1206 1009/2198/1207 524/1102/1208
f  1009/2198/1207 1014/2219/1209 524/1102/1208
f  1015/2220/1210 519/1083/1211 527/2221/1212
f  519/1083/1211 1015/2220/1210 1013/2202/1213
f  1011/2200/1214 1014/2219/1214 1009/2198/1214
f  1014/2219/1214 1011/2200/1214 1016/2222/1214
f  1015/2220/1215 1011/2200/1215 1013/2202/1215
f  1011/2200/1215 1015/2220/1215 1016/2222/1215
f  1017/2223/1216 1018/2224/1216 1019/2225/1216
f  1018/2224/1216 1017/2223/1216 1020/2226/1216
f  1019/2227/1217 1021/2228/1217 1017/2229/1217
f  1021/2228/1217 1019/2227/1217 1022/2230/1217
f  1022/2230/1218 536/1118/1218 1021/2228/1218
f  535/1117/1218 1021/2228/1218 536/1118/1218
f  1020/2231/1219 537/1121/1219 1018/2232/1219
f  537/1121/1219 1020/2231/1219 538/1122/1219
f  1023/2233/1220 1024/2234/1220 1025/2235/1220
f  1024/2234/1220 1023/2233/1220 1026/2236/1220
f  1025/2235/1221 1027/2237/1221 1028/2238/1221
f  1027/2237/1221 1025/2235/1221 1024/2234/1221
f  1027/2237/1222 545/2239/1223 1028/2238/1224
f  545/2239/1223 1027/2237/1222 546/2240/1225
f  1026/2241/1226 547/1134/1227 548/1135/1228
f  547/1134/1227 1026/2241/1226 1023/2242/1229
f  1027/2243/1230 1017/2244/1230 1021/2245/1230
f  1017/2244/1230 1027/2243/1230 1024/2246/1230
f  1026/2247/1231 538/1157/1232 1020/2248/1233
f  538/1157/1232 1026/2247/1231 548/1154/1234
f  1020/2249/1235 1017/2244/1235 1026/2241/1235
f  1026/2241/1235 1017/2244/1235 1024/2246/1235
f  546/1141/1236 1021/2245/1237 535/1142/1238
f  1021/2245/1237 546/1141/1236 1027/2243/1239
f  1025/2250/1240 1028/2251/1240 1019/2252/1240
f  1022/2253/1240 1019/2252/1240 1028/2251/1240
f  1023/2254/1241 537/1121/1242 547/2255/1243
f  537/1121/1242 1023/2254/1241 1018/2232/1244
f  1025/2250/1245 1018/2232/1245 1023/2254/1245
f  1018/2232/1245 1025/2250/1245 1019/2252/1245
f  536/1153/1246 1022/2253/1247 545/1152/1248
f  545/1152/1248 1022/2253/1247 1028/2251/1249
f  1029/2256/1250 1030/2257/1250 1031/2258/1250
f  1030/2257/1250 1029/2256/1250 1032/2259/1250
f  1033/2260/1251 1029/2261/1251 1031/2262/1251
f  1029/2261/1251 1033/2260/1251 1034/2263/1251
f  1033/2260/1252 556/1166/1252 1034/2263/1252
f  555/1165/1252 1034/2263/1252 556/1166/1252
f  1032/2264/1253 557/1169/1253 1030/2265/1253
f  557/1169/1253 1032/2264/1253 558/1170/1253
f  1035/2266/1254 1036/2267/1254 1037/2268/1254
f  1036/2267/1254 1035/2266/1254 1038/2269/1254
f  1039/2270/1255 1037/2268/1255 1036/2267/1255
f  1036/2267/1255 1040/2271/1255 1039/2270/1255
f  1040/2271/1256 565/2272/1257 1039/2270/1258
f  565/2272/1257 1040/2271/1256 566/2273/1259
f  1038/2274/1260 567/1181/1261 568/1183/1262
f  567/1181/1261 1038/2274/1260 1035/2275/1263
f  1040/2276/1264 1029/2277/1264 1034/2278/1264
f  1029/2277/1264 1040/2276/1264 1036/2279/1264
f  1038/2280/1265 558/1208/1266 1032/2281/1267
f  558/1208/1266 1038/2280/1265 568/1205/1268
f  1032/2282/1269 1036/2279/1269 1038/2274/1269
f  1036/2279/1269 1032/2282/1269 1029/2277/1269
f  566/1190/1270 1034/2278/1271 555/1191/1272
f  1034/2278/1271 566/1190/1270 1040/2276/1273
f  1037/2283/1274 1039/2284/1274 1031/2285/1274
f  1033/2286/1274 1031/2285/1274 1039/2284/1274
f  1035/2287/1275 557/1169/1276 567/2288/1277
f  557/1169/1276 1035/2287/1275 1030/2265/1278
f  1037/2283/1279 1030/2265/1279 1035/2287/1279
f  1030/2265/1279 1037/2283/1279 1031/2285/1279
f  556/1202/1280 1033/2286/1281 565/1201/1282
f  565/1201/1282 1033/2286/1281 1039/2284/1283
f  113/180/1284 654/1371/1285 672/2289/1286
f  113/180/1284 672/2289/1286 635/1309/1287
f  672/2289/1288 164/306/1289 635/1309/1290
f  164/306/1289 672/2289/1288 702/1477/1291
f  640/1373/1292 702/1464/1293 672/1372/1294
f  702/1464/1293 640/1373/1292 642/1478/1295
f  643/1351/1296 587/2290/1297 590/1230/1298
f  643/1351/1296 590/1230/1298 637/1311/1299
f  638/1312/1300 24/27/1301 80/117/1302
f  24/27/1301 638/1312/1300 589/1229/1303
f  588/1228/1304 643/1317/1305 640/1314/1306
f  643/1317/1305 588/1228/1304 587/1227/1307
f  638/1312/1308 590/1230/1309 589/1229/1310
f  590/1230/1309 638/1312/1308 637/1311/1311
f  114/1308/1312 164/306/1313 155/308/1314
f  164/306/1313 114/1308/1312 635/1309/1315
f  155/311/1316 75/182/1317 114/181/1318
f  75/182/1317 155/311/1316 78/310/1319
f  77/114/1320 26/30/1321 22/25/1322
f  26/30/1321 77/114/1320 72/155/1323
f  74/111/1324 80/117/1325 24/27/1326
f  74/111/1324 24/27/1326 25/28/1327
f  23/26/1328 77/114/1329 22/25/1330
f  77/114/1329 23/26/1328 75/112/1331
f  74/111/1332 26/29/1333 72/109/1334
f  26/29/1333 74/111/1332 25/28/1335
f  152/314/1336 243/2291/1336 166/312/1336
f  243/2291/1336 152/314/1336 149/2292/1336
f  169/2293/1337 143/2294/1337 140/2293/1337
f  143/2294/1337 243/2293/1337 149/2294/1337
f  243/2293/1337 143/2294/1337 169/2293/1337
f  140/2293/1338 139/2295/1338 169/2293/1338
f  167/2295/1338 169/2293/1338 139/2295/1338
f  139/2295/1339 709/2296/1339 167/2295/1339
f  709/2296/1339 139/2295/1339 690/2296/1339
f  788/2297/1340 692/2298/1340 695/2299/1340
f  692/2298/1340 788/2297/1340 709/2300/1340
f  692/2298/1340 709/2300/1340 690/2301/1340
f  698/2302/1341 788/2303/1341 695/2304/1341
f  788/2303/1341 698/2302/1341 787/2305/1341
f  693/2306/1342 787/2305/1342 698/2302/1342
f  693/2306/1343 247/1479/1343 787/2305/1343
f  693/2306/1343 142/1480/1343 247/1479/1343
f  160/2307/1344 650/2308/1345 81/2309/1346
f  650/2308/1345 160/2307/1344 670/2310/1347
f  160/300/1348 88/2311/1349 108/301/1350
f  88/2311/1349 160/300/1348 81/2312/1351

